sequence,frame_count,duration
data/sequences/SZTEA101a_00_00_42.mov,141,00:00:05
data/sequences/SZTEA101a_00_04_47.mov,83,00:00:03
data/sequences/SZTEA101a_00_05_37.mov,126,00:00:05
data/sequences/SZTEA101a_00_08_58.mov,143,00:00:05
data/sequences/SZTEA101a_00_12_12.mov,126,00:00:05
data/sequences/SZTEA101a_00_15_14.mov,206,00:00:08
data/sequences/SZTEA101a_00_17_01.mov,99,00:00:03
data/sequences/SZTEA101a_00_18_41.mov,110,00:00:04
data/sequences/SZTEA101a_00_21_32.mov,112,00:00:04
data/sequences/SZTEA101a_00_24_44.mov,141,00:00:05
data/sequences/SZTEA101a_00_27_58.mov,129,00:00:05
data/sequences/SZTEA101a_00_29_31.mov,62,00:00:02
data/sequences/SZTEA101a_00_31_14.mov,312,00:00:12
data/sequences/SZTEA101a_00_35_51.mov,66,00:00:02
data/sequences/SZTEA101b_00_04_56.mov,97,00:00:03
data/sequences/SZTEA101b_00_07_45.mov,191,00:00:07
data/sequences/SZTEA101b_00_10_40.mov,222,00:00:08
data/sequences/SZTEA101b_00_13_56.mov,124,00:00:04
data/sequences/SZTEA101b_00_16_17.mov,137,00:00:05
data/sequences/SZTEA101b_00_18_50.mov,137,00:00:05
data/sequences/SZTEA101b_00_21_12.mov,139,00:00:05
data/sequences/SZTEA101b_00_24_02.mov,204,00:00:08
data/sequences/SZTEA101b_00_26_51.mov,110,00:00:04
data/sequences/SZTEA101b_00_29_16.mov,212,00:00:08
data/sequences/SZTEA101b_00_32_26.mov,187,00:00:07
data/sequences/SZTEA101b_00_35_29.mov,168,00:00:06
data/sequences/SZTEA101b_00_38_29.mov,122,00:00:04
data/sequences/SZTEA101b_00_41_47.mov,149,00:00:05
data/sequences/SZTEA101b_00_45_54.mov,137,00:00:05
data/sequences/SZTEA101b_00_48_48.mov,89,00:00:03
data/sequences/SZTEA102a_00_00_48.mov,179,00:00:07
data/sequences/SZTEA102a_00_05_01.mov,143,00:00:05
data/sequences/SZTEA102a_00_08_01.mov,120,00:00:04
data/sequences/SZTEA102a_00_11_15.mov,108,00:00:04
data/sequences/SZTEA102a_00_13_50.mov,118,00:00:04
data/sequences/SZTEA102a_00_16_09.mov,129,00:00:05
data/sequences/SZTEA102a_00_18_56.mov,172,00:00:06
data/sequences/SZTEA102a_00_21_18.mov,170,00:00:06
data/sequences/SZTEA102a_00_23_50.mov,114,00:00:04
data/sequences/SZTEA102a_00_26_22.mov,266,00:00:10
data/sequences/SZTEA102a_00_29_46.mov,131,00:00:05
data/sequences/SZTEA102a_00_31_58.mov,91,00:00:03
data/sequences/SZTEA102a_00_34_05.mov,106,00:00:04
data/sequences/SZTEA102a_00_36_18.mov,45,00:00:01
data/sequences/SZTEA102b_00_05_08.mov,151,00:00:06
data/sequences/SZTEA102b_00_07_50.mov,193,00:00:07
data/sequences/SZTEA102b_00_10_36.mov,168,00:00:06
data/sequences/SZTEA102b_00_13_10.mov,114,00:00:04
data/sequences/SZTEA102b_00_15_22.mov,91,00:00:03
data/sequences/SZTEA102b_00_17_48.mov,110,00:00:04
data/sequences/SZTEA102b_00_20_09.mov,141,00:00:05
data/sequences/SZTEA102b_00_22_49.mov,168,00:00:06
data/sequences/SZTEA102b_00_25_33.mov,106,00:00:04
data/sequences/SZTEA102b_00_28_27.mov,104,00:00:04
data/sequences/SZTEA102b_00_30_44.mov,106,00:00:04
data/sequences/SZTEA102b_00_32_57.mov,122,00:00:04
data/sequences/SZTEA102b_00_35_28.mov,149,00:00:05
data/sequences/SZTEA102b_00_37_59.mov,151,00:00:06
data/sequences/SZTEA102b_00_39_20.mov,18,00:00:00
data/sequences/SZTEA102b_00_40_37.mov,124,00:00:04
data/sequences/SZTEA102b_00_43_05.mov,99,00:00:03
data/sequences/SZTEA102b_00_45_14.mov,70,00:00:02
data/sequences/SZTEA103a_00_02_24.mov,70,00:00:02
data/sequences/SZTEA103a_00_06_17.mov,131,00:00:05
data/sequences/SZTEA103a_00_08_46.mov,114,00:00:04
data/sequences/SZTEA103a_00_11_21.mov,120,00:00:04
data/sequences/SZTEA103a_00_13_38.mov,106,00:00:04
data/sequences/SZTEA103a_00_16_19.mov,137,00:00:05
data/sequences/SZTEA103a_00_17_34.mov,112,00:00:04
data/sequences/SZTEA103a_00_18_38.mov,135,00:00:05
data/sequences/SZTEA103a_00_21_23.mov,147,00:00:05
data/sequences/SZTEA103a_00_23_55.mov,116,00:00:04
data/sequences/SZTEA103a_00_26_10.mov,131,00:00:05
data/sequences/SZTEA103a_00_28_50.mov,141,00:00:05
data/sequences/SZTEA103a_00_30_38.mov,149,00:00:05
data/sequences/SZTEA103a_00_31_50.mov,133,00:00:05
data/sequences/SZTEA103a_00_34_09.mov,133,00:00:05
data/sequences/SZTEA103a_00_35_20.mov,122,00:00:04
data/sequences/SZTEA103a_00_36_41.mov,143,00:00:05
data/sequences/SZTEA103a_00_39_36.mov,174,00:00:06
data/sequences/SZTEA103a_00_42_09.mov,120,00:00:04
data/sequences/SZTEA103a_00_44_25.mov,106,00:00:04
data/sequences/SZTEA103a_00_46_44.mov,64,00:00:02
data/sequences/SZTEA104a_00_00_00.mov,104,00:00:04
data/sequences/SZTEA104a_00_07_11.mov,120,00:00:04
data/sequences/SZTEA104a_00_09_51.mov,112,00:00:04
data/sequences/SZTEA104a_00_12_51.mov,201,00:00:08
data/sequences/SZTEA104a_00_15_58.mov,137,00:00:05
data/sequences/SZTEA104a_00_18_52.mov,151,00:00:06
data/sequences/SZTEA104a_00_21_34.mov,210,00:00:08
data/sequences/SZTEA104a_00_25_05.mov,174,00:00:06
data/sequences/SZTEA104a_00_28_38.mov,101,00:00:04
data/sequences/SZTEA104a_00_30_59.mov,122,00:00:04
data/sequences/SZTEA104a_00_33_20.mov,120,00:00:04
data/sequences/SZTEA104a_00_35_33.mov,126,00:00:05
data/sequences/SZTEA104a_00_38_04.mov,108,00:00:04
data/sequences/SZTEA104a_00_41_08.mov,116,00:00:04
data/sequences/SZTEA104a_00_43_42.mov,183,00:00:07
data/sequences/SZTEA104a_00_47_00.mov,114,00:00:04
data/sequences/SZTEA104a_00_49_38.mov,126,00:00:05
data/sequences/SZTEA104a_00_52_17.mov,145,00:00:05
data/sequences/SZTEA104a_00_54_49.mov,176,00:00:07
data/sequences/SZTEA104a_00_57_37.mov,191,00:00:07
data/sequences/SZTEA104a_01_00_46.mov,151,00:00:06
data/sequences/SZTEA104a_01_03_28.mov,133,00:00:05
data/sequences/SZTEA104a_01_06_12.mov,145,00:00:05
data/sequences/SZTEA104a_01_09_31.mov,114,00:00:04
data/sequences/SZTEA104a_01_13_07.mov,212,00:00:08
data/sequences/SZTEA104a_01_16_14.mov,193,00:00:07
data/sequences/SZTEA104a_01_19_26.mov,133,00:00:05
data/sequences/SZTEA104a_01_22_06.mov,135,00:00:05
data/sequences/SZTEA104a_01_24_54.mov,137,00:00:05
data/sequences/SZTEA104a_01_27_12.mov,106,00:00:04
data/sequences/SZTEA104a_01_29_50.mov,108,00:00:04
data/sequences/SZTEA104a_01_31_51.mov,58,00:00:02
data/sequences/SZTEA105a_00_02_09.mov,97,00:00:03
data/sequences/SZTEA105a_00_10_37.mov,135,00:00:05
data/sequences/SZTEA105a_00_12_30.mov,66,00:00:02
data/sequences/SZTEA105a_00_13_40.mov,97,00:00:03
data/sequences/SZTEA105a_00_16_24.mov,145,00:00:05
data/sequences/SZTEA105a_00_18_56.mov,141,00:00:05
data/sequences/SZTEA105a_00_21_25.mov,131,00:00:05
data/sequences/SZTEA105a_00_23_55.mov,112,00:00:04
data/sequences/SZTEA105a_00_26_32.mov,124,00:00:04
data/sequences/SZTEA105a_00_29_03.mov,124,00:00:04
data/sequences/SZTEA105a_00_32_03.mov,114,00:00:04
data/sequences/SZTEA105a_00_35_05.mov,49,00:00:01
data/sequences/SZTEA201a_00_00_16.mov,124,00:00:04
data/sequences/SZTEA201a_00_05_35.mov,131,00:00:05
data/sequences/SZTEA201a_00_06_51.mov,66,00:00:02
data/sequences/SZTEA201a_00_08_58.mov,143,00:00:05
data/sequences/SZTEA201a_00_12_13.mov,124,00:00:04
data/sequences/SZTEA201a_00_15_15.mov,204,00:00:08
data/sequences/SZTEA201a_00_18_41.mov,110,00:00:04
data/sequences/SZTEA201a_00_21_32.mov,112,00:00:04
data/sequences/SZTEA201a_00_22_50.mov,68,00:00:02
data/sequences/SZTEA201a_00_24_44.mov,141,00:00:05
data/sequences/SZTEA201a_00_27_58.mov,131,00:00:05
data/sequences/SZTEA201a_00_31_29.mov,281,00:00:11
data/sequences/SZTEA201a_00_35_52.mov,62,00:00:02
data/sequences/SZTEA201b_00_06_10.mov,76,00:00:03
data/sequences/SZTEA201b_00_07_45.mov,191,00:00:07
data/sequences/SZTEA201b_00_10_53.mov,197,00:00:07
data/sequences/SZTEA201b_00_13_56.mov,124,00:00:04
data/sequences/SZTEA201b_00_16_17.mov,139,00:00:05
data/sequences/SZTEA201b_00_18_49.mov,139,00:00:05
data/sequences/SZTEA201b_00_21_13.mov,139,00:00:05
data/sequences/SZTEA201b_00_24_00.mov,208,00:00:08
data/sequences/SZTEA201b_00_26_50.mov,112,00:00:04
data/sequences/SZTEA201b_00_29_06.mov,235,00:00:09
data/sequences/SZTEA201b_00_32_27.mov,185,00:00:07
data/sequences/SZTEA201b_00_35_31.mov,164,00:00:06
data/sequences/SZTEA201b_00_38_30.mov,120,00:00:04
data/sequences/SZTEA201b_00_40_43.mov,54,00:00:02
data/sequences/SZTEA201b_00_41_49.mov,145,00:00:05
data/sequences/SZTEA201b_00_45_50.mov,145,00:00:05
data/sequences/SZTEA201b_00_48_48.mov,89,00:00:03
data/sequences/SZTEA202a_00_04_31.mov,39,00:00:01
data/sequences/SZTEA202a_00_05_01.mov,141,00:00:05
data/sequences/SZTEA202a_00_08_00.mov,120,00:00:04
data/sequences/SZTEA202a_00_11_16.mov,104,00:00:04
data/sequences/SZTEA202a_00_13_50.mov,114,00:00:04
data/sequences/SZTEA202a_00_16_06.mov,131,00:00:05
data/sequences/SZTEA202a_00_18_58.mov,124,00:00:04
data/sequences/SZTEA202a_00_21_12.mov,181,00:00:07
data/sequences/SZTEA202a_00_23_48.mov,116,00:00:04
data/sequences/SZTEA202a_00_24_52.mov,74,00:00:02
data/sequences/SZTEA202a_00_26_21.mov,266,00:00:10
data/sequences/SZTEA202a_00_29_43.mov,135,00:00:05
data/sequences/SZTEA202a_00_31_57.mov,91,00:00:03
data/sequences/SZTEA202a_00_34_04.mov,106,00:00:04
data/sequences/SZTEA202a_00_36_15.mov,47,00:00:01
data/sequences/SZTEA202b_00_05_16.mov,145,00:00:05
data/sequences/SZTEA202b_00_08_07.mov,166,00:00:06
data/sequences/SZTEA202b_00_10_41.mov,168,00:00:06
data/sequences/SZTEA202b_00_13_14.mov,116,00:00:04
data/sequences/SZTEA202b_00_15_26.mov,93,00:00:03
data/sequences/SZTEA202b_00_17_52.mov,112,00:00:04
data/sequences/SZTEA202b_00_20_12.mov,145,00:00:05
data/sequences/SZTEA202b_00_22_54.mov,168,00:00:06
data/sequences/SZTEA202b_00_25_38.mov,106,00:00:04
data/sequences/SZTEA202b_00_28_32.mov,104,00:00:04
data/sequences/SZTEA202b_00_30_49.mov,106,00:00:04
data/sequences/SZTEA202b_00_33_01.mov,124,00:00:04
data/sequences/SZTEA202b_00_35_30.mov,154,00:00:06
data/sequences/SZTEA202b_00_38_08.mov,141,00:00:05
data/sequences/SZTEA202b_00_40_44.mov,120,00:00:04
data/sequences/SZTEA202b_00_43_09.mov,99,00:00:03
data/sequences/SZTEA202b_00_45_20.mov,39,00:00:01
data/sequences/SZTEA203a_00_04_39.mov,195,00:00:07
data/sequences/SZTEA203a_00_06_14.mov,131,00:00:05
data/sequences/SZTEA203a_00_08_42.mov,114,00:00:04
data/sequences/SZTEA203a_00_11_18.mov,120,00:00:04
data/sequences/SZTEA203a_00_13_34.mov,106,00:00:04
data/sequences/SZTEA203a_00_16_15.mov,139,00:00:05
data/sequences/SZTEA203a_00_18_33.mov,139,00:00:05
data/sequences/SZTEA203a_00_21_25.mov,135,00:00:05
data/sequences/SZTEA203a_00_23_52.mov,114,00:00:04
data/sequences/SZTEA203a_00_26_06.mov,131,00:00:05
data/sequences/SZTEA203a_00_28_48.mov,137,00:00:05
data/sequences/SZTEA203a_00_31_43.mov,141,00:00:05
data/sequences/SZTEA203a_00_34_03.mov,137,00:00:05
data/sequences/SZTEA203a_00_36_37.mov,145,00:00:05
data/sequences/SZTEA203a_00_39_42.mov,154,00:00:06
data/sequences/SZTEA203a_00_42_05.mov,120,00:00:04
data/sequences/SZTEA203a_00_44_22.mov,104,00:00:04
data/sequences/SZTEA203a_00_46_41.mov,62,00:00:02
data/sequences/SZTEA204a_00_07_06.mov,120,00:00:04
data/sequences/SZTEA204a_00_09_45.mov,114,00:00:04
data/sequences/SZTEA204a_00_12_54.mov,185,00:00:07
data/sequences/SZTEA204a_00_15_54.mov,135,00:00:05
data/sequences/SZTEA204a_00_18_41.mov,164,00:00:06
data/sequences/SZTEA204a_00_21_29.mov,212,00:00:08
data/sequences/SZTEA204a_00_25_07.mov,160,00:00:06
data/sequences/SZTEA204a_00_28_33.mov,104,00:00:04
data/sequences/SZTEA204a_00_30_54.mov,120,00:00:04
data/sequences/SZTEA204a_00_33_15.mov,120,00:00:04
data/sequences/SZTEA204a_00_35_29.mov,124,00:00:04
data/sequences/SZTEA204a_00_37_57.mov,112,00:00:04
data/sequences/SZTEA204a_00_41_01.mov,120,00:00:04
data/sequences/SZTEA204a_00_43_28.mov,201,00:00:08
data/sequences/SZTEA204a_00_46_53.mov,118,00:00:04
data/sequences/SZTEA204a_00_49_35.mov,122,00:00:04
data/sequences/SZTEA204a_00_52_12.mov,145,00:00:05
data/sequences/SZTEA204a_00_54_48.mov,168,00:00:06
data/sequences/SZTEA204a_00_57_37.mov,183,00:00:07
data/sequences/SZTEA204a_01_00_41.mov,151,00:00:06
data/sequences/SZTEA204a_01_03_22.mov,133,00:00:05
data/sequences/SZTEA204a_01_06_08.mov,143,00:00:05
data/sequences/SZTEA204a_01_09_28.mov,108,00:00:04
data/sequences/SZTEA204a_01_13_00.mov,214,00:00:08
data/sequences/SZTEA204a_01_16_10.mov,193,00:00:07
data/sequences/SZTEA204a_01_19_21.mov,133,00:00:05
data/sequences/SZTEA204a_01_21_56.mov,143,00:00:05
data/sequences/SZTEA204a_01_24_45.mov,145,00:00:05
data/sequences/SZTEA204a_01_26_20.mov,43,00:00:01
data/sequences/SZTEA204a_01_27_06.mov,108,00:00:04
data/sequences/SZTEA204a_01_29_45.mov,108,00:00:04
data/sequences/SZTEA204a_01_31_46.mov,56,00:00:02
data/sequences/SZTEN101a_00_00_56.mov,279,00:00:11
data/sequences/SZTEN101a_00_04_35.mov,68,00:00:02
data/sequences/SZTEN101a_00_07_17.mov,147,00:00:05
data/sequences/SZTEN101a_00_08_14.mov,45,00:00:01
data/sequences/SZTEN101b_00_00_16.mov,62,00:00:02
data/sequences/SZTEN101b_00_01_00.mov,106,00:00:04
data/sequences/SZTEN101b_00_12_50.mov,172,00:00:06
data/sequences/SZTEN101b_00_19_00.mov,143,00:00:05
data/sequences/SZTEN101b_00_22_29.mov,174,00:00:06
data/sequences/SZTEN101b_00_25_21.mov,110,00:00:04
data/sequences/SZTEN101c_00_00_03.mov,60,00:00:02
data/sequences/SZTEN101c_00_01_27.mov,70,00:00:02
data/sequences/SZTEN101c_00_04_18.mov,279,00:00:11
data/sequences/SZTEN101c_00_07_26.mov,289,00:00:11
data/sequences/SZTEN101c_00_10_35.mov,174,00:00:06
data/sequences/SZTEN101c_00_13_06.mov,72,00:00:02
data/sequences/SZTEN101c_00_15_37.mov,60,00:00:02
data/sequences/SZTEN101c_00_16_54.mov,197,00:00:07
data/sequences/SZTEN101c_00_18_38.mov,231,00:00:09
data/sequences/SZTEN101c_00_20_43.mov,222,00:00:08
data/sequences/SZTEN101c_00_25_03.mov,26,00:00:01
data/sequences/SZTEN101d_00_01_13.mov,187,00:00:07
data/sequences/SZTEN101d_00_03_50.mov,262,00:00:10
data/sequences/SZTEN101d_00_05_46.mov,139,00:00:05
data/sequences/SZTEN101d_00_08_43.mov,70,00:00:02
data/sequences/SZTEN101d_00_09_31.mov,126,00:00:05
data/sequences/SZTEN101d_00_10_51.mov,106,00:00:04
data/sequences/SZTEN101d_00_12_27.mov,131,00:00:05
data/sequences/SZTEN101d_00_16_23.mov,293,00:00:11
data/sequences/SZTEN101d_00_24_23.mov,154,00:00:06
data/sequences/SZTEN101d_00_26_46.mov,43,00:00:01
data/sequences/SZTEN102a_00_00_00.mov,295,00:00:11
data/sequences/SZTEN102a_00_04_44.mov,76,00:00:03
data/sequences/SZTEN102a_00_06_55.mov,104,00:00:04
data/sequences/SZTEN102a_00_08_29.mov,145,00:00:05
data/sequences/SZTEN102a_00_14_18.mov,137,00:00:05
data/sequences/SZTEN102a_00_19_35.mov,135,00:00:05
data/sequences/SZTEN102a_00_20_58.mov,162,00:00:06
data/sequences/SZTEN102a_00_24_51.mov,283,00:00:11
data/sequences/SZTEN102a_00_27_24.mov,129,00:00:05
data/sequences/SZTEN102a_00_28_52.mov,218,00:00:08
data/sequences/SZTEN102a_00_32_46.mov,310,00:00:12
data/sequences/SZTEN102a_00_34_11.mov,206,00:00:08
data/sequences/SZTEN102a_00_36_42.mov,262,00:00:10
data/sequences/SZTEN102a_00_41_16.mov,116,00:00:04
data/sequences/SZTEN102b_00_01_28.mov,264,00:00:10
data/sequences/SZTEN102b_00_11_05.mov,168,00:00:06
data/sequences/SZTEN102b_00_14_55.mov,126,00:00:05
data/sequences/SZTEN102b_00_17_15.mov,118,00:00:04
data/sequences/SZTEN102b_00_19_26.mov,158,00:00:06
data/sequences/SZTEN102b_00_24_25.mov,224,00:00:08
data/sequences/SZTEN102c_00_01_52.mov,295,00:00:11
data/sequences/SZTEN102c_00_06_05.mov,274,00:00:10
data/sequences/SZTEN102c_00_12_50.mov,85,00:00:03
data/sequences/SZTEN102c_00_14_20.mov,285,00:00:11
data/sequences/SZTEN102c_00_21_55.mov,247,00:00:09
data/sequences/SZTEN102c_00_24_29.mov,129,00:00:05
data/sequences/SZTEN102d_00_00_31.mov,14,00:00:00
data/sequences/SZTEN102d_00_01_54.mov,31,00:00:01
data/sequences/SZTEN102d_00_03_30.mov,31,00:00:01
data/sequences/SZTEN102d_00_05_42.mov,218,00:00:08
data/sequences/SZTEN102d_00_12_09.mov,58,00:00:02
data/sequences/SZTEN102d_00_13_13.mov,108,00:00:04
data/sequences/SZTEN103a_00_01_42.mov,239,00:00:09
data/sequences/SZTEN103a_00_12_08.mov,62,00:00:02
data/sequences/SZTEN103a_00_16_13.mov,68,00:00:02
data/sequences/SZTEN103a_00_26_32.mov,210,00:00:08
data/sequences/SZTEN103a_00_29_26.mov,81,00:00:03
data/sequences/SZTEN103b_00_02_45.mov,174,00:00:06
data/sequences/SZTEN103b_00_03_56.mov,270,00:00:10
data/sequences/SZTEN103b_00_07_41.mov,156,00:00:06
data/sequences/SZTEN103b_00_15_28.mov,56,00:00:02
data/sequences/SZTEN103b_00_16_53.mov,149,00:00:05
data/sequences/SZTEN103b_00_19_07.mov,147,00:00:05
data/sequences/SZTEN103b_00_25_25.mov,251,00:00:10
data/sequences/SZTEN201a_00_01_49.mov,118,00:00:04
data/sequences/SZTEN201a_00_05_28.mov,99,00:00:03
data/sequences/SZTEN201a_00_06_46.mov,256,00:00:10
data/sequences/SZTEN201a_00_09_24.mov,68,00:00:02
data/sequences/SZTEN201a_00_11_48.mov,47,00:00:01
data/sequences/SZTEN201b_00_02_15.mov,243,00:00:09
data/sequences/SZTEN201b_00_06_49.mov,143,00:00:05
data/sequences/SZTEN201b_00_10_14.mov,66,00:00:02
data/sequences/SZTEN201b_00_12_30.mov,220,00:00:08
data/sequences/SZTEN201b_00_18_03.mov,308,00:00:12
data/sequences/SZTEN201b_00_22_32.mov,235,00:00:09
data/sequences/SZTEN201b_00_24_46.mov,68,00:00:02
data/sequences/SZTEN201c_00_01_12.mov,254,00:00:10
data/sequences/SZTEN201c_00_11_25.mov,168,00:00:06
data/sequences/SZTEN201c_00_13_25.mov,195,00:00:07
data/sequences/SZTEN201c_00_14_41.mov,212,00:00:08
data/sequences/SZTEN201c_00_21_02.mov,162,00:00:06
data/sequences/SZTEN201c_00_25_40.mov,110,00:00:04
data/sequences/SZTEN201d_00_00_35.mov,122,00:00:04
data/sequences/SZTEN201d_00_02_31.mov,137,00:00:05
data/sequences/SZTEN201d_00_05_33.mov,95,00:00:03
data/sequences/SZTEN201d_00_08_20.mov,87,00:00:03
data/sequences/SZTEN201d_00_18_29.mov,164,00:00:06
data/sequences/SZTEN201d_00_23_52.mov,241,00:00:09
data/sequences/SZTEN201e_00_02_48.mov,233,00:00:09
data/sequences/SZTEN201e_00_05_23.mov,112,00:00:04
data/sequences/SZTEN201e_00_06_58.mov,301,00:00:12
data/sequences/SZTEN201e_00_10_39.mov,287,00:00:11
data/sequences/SZTEN202a_00_00_23.mov,166,00:00:06
data/sequences/SZTEN202a_00_03_14.mov,68,00:00:02
data/sequences/SZTEN202a_00_04_01.mov,251,00:00:10
data/sequences/SZTEN202a_00_06_14.mov,210,00:00:08
data/sequences/SZTEN202a_00_10_10.mov,283,00:00:11
data/sequences/SZTEN202a_00_13_45.mov,122,00:00:04
data/sequences/SZTEN202a_00_15_24.mov,114,00:00:04
data/sequences/SZTEN202a_00_18_45.mov,241,00:00:09
data/sequences/SZTEN202a_00_22_37.mov,183,00:00:07
data/sequences/SZTEN202a_00_28_49.mov,231,00:00:09
data/sequences/SZTEN202a_00_35_36.mov,241,00:00:09
data/sequences/SZTEN202a_00_37_41.mov,216,00:00:08
data/sequences/SZTEN202a_00_40_25.mov,189,00:00:07
data/sequences/SZTEN202b_00_05_53.mov,285,00:00:11
data/sequences/SZTEN202b_00_09_53.mov,222,00:00:08
data/sequences/SZTEN202b_00_16_43.mov,185,00:00:07
data/sequences/SZTEN202b_00_19_11.mov,62,00:00:02
data/sequences/SZTEN202b_00_22_47.mov,93,00:00:03
data/sequences/SZTEN202b_00_25_06.mov,166,00:00:06
data/sequences/SZTEN202b_00_27_33.mov,118,00:00:04
data/sequences/SZTEN202c_00_00_31.mov,181,00:00:07
data/sequences/SZTEN202c_00_03_41.mov,70,00:00:02
data/sequences/SZTEN202c_00_04_36.mov,41,00:00:01
data/sequences/SZTEN202c_00_05_29.mov,131,00:00:05
data/sequences/SZTEN202c_00_15_18.mov,45,00:00:01
data/sequences/SZTEN202c_00_16_47.mov,287,00:00:11
data/sequences/SZTEN202d_00_07_28.mov,156,00:00:06
data/sequences/SZTEN202d_00_10_10.mov,210,00:00:08
data/sequences/SZTEN202d_00_10_34.mov,243,00:00:09
data/sequences/SZTEN202d_00_16_52.mov,110,00:00:04
data/sequences/SZTEN202d_00_19_50.mov,60,00:00:02
data/sequences/SZTEN203a_00_00_10.mov,274,00:00:10
data/sequences/SZTEN203a_00_03_33.mov,95,00:00:03
data/sequences/SZTEN203a_00_17_39.mov,99,00:00:03
data/sequences/SZTEN203a_00_25_49.mov,204,00:00:08
data/sequences/SZTEN203a_00_31_05.mov,179,00:00:07
data/sequences/SZTEN203a_00_35_51.mov,83,00:00:03
data/sequences/SZTRA101a01_00_01_22.mov,214,00:00:08
data/sequences/SZTRA101a01_00_03_32.mov,189,00:00:07
data/sequences/SZTRA101a01_00_04_31.mov,49,00:00:01
data/sequences/SZTRA101a01_00_07_55.mov,87,00:00:03
data/sequences/SZTRA101a01_00_08_50.mov,124,00:00:04
data/sequences/SZTRA101a02_00_01_04.mov,56,00:00:02
data/sequences/SZTRA101a02_00_01_38.mov,147,00:00:05
data/sequences/SZTRA101a03_00_01_25.mov,162,00:00:06
data/sequences/SZTRA101a04_00_00_18.mov,154,00:00:06
data/sequences/SZTRA101a04_00_02_05.mov,43,00:00:01
data/sequences/SZTRA101a05_00_00_07.mov,131,00:00:05
data/sequences/SZTRA101a06_00_00_03.mov,158,00:00:06
data/sequences/SZTRA101a07_00_00_19.mov,162,00:00:06
data/sequences/SZTRA101a08_00_00_04.mov,122,00:00:04
data/sequences/SZTRA101a09_00_00_01.mov,99,00:00:03
data/sequences/SZTRA101a10_00_00_15.mov,135,00:00:05
data/sequences/SZTRA101a11_00_00_16.mov,164,00:00:06
data/sequences/SZTRA101a11_00_01_45.mov,70,00:00:02
data/sequences/SZTRA101a12_00_00_21.mov,143,00:00:05
data/sequences/SZTRA101a13_00_00_25.mov,141,00:00:05
data/sequences/SZTRA101a14_00_00_09.mov,185,00:00:07
data/sequences/SZTRA101a15_00_00_15.mov,166,00:00:06
data/sequences/SZTRA101a15_00_01_59.mov,133,00:00:05
data/sequences/SZTRA101a16_00_00_20.mov,179,00:00:07
data/sequences/SZTRA101a17_00_00_10.mov,160,00:00:06
data/sequences/SZTRA101a17_00_02_19.mov,76,00:00:03
data/sequences/SZTRA101a18_00_00_12.mov,164,00:00:06
data/sequences/SZTRA101a19_00_00_06.mov,126,00:00:05
data/sequences/SZTRA101a19_00_01_09.mov,110,00:00:04
data/sequences/SZTRA101a20_00_00_03.mov,143,00:00:05
data/sequences/SZTRA101a21_00_00_06.mov,139,00:00:05
data/sequences/SZTRA101a22_00_01_11.mov,116,00:00:04
data/sequences/SZTRA101a23_00_01_10.mov,104,00:00:04
data/sequences/SZTRA101a24_00_00_32.mov,41,00:00:01
data/sequences/SZTRA101a24_00_01_14.mov,172,00:00:06
data/sequences/SZTRA101a25_00_01_14.mov,208,00:00:08
data/sequences/SZTRA101a26_00_00_09.mov,60,00:00:02
data/sequences/SZTRA101a26_00_01_18.mov,129,00:00:05
data/sequences/SZTRA101a27_00_00_34.mov,145,00:00:05
data/sequences/SZTRA101a28_00_00_58.mov,141,00:00:05
data/sequences/SZTRA101a29_00_01_13.mov,112,00:00:04
data/sequences/SZTRA101a30_00_00_54.mov,114,00:00:04
data/sequences/SZTRA101a31_00_01_17.mov,76,00:00:03
data/sequences/SZTRA101a31_00_02_45.mov,129,00:00:05
data/sequences/SZTRA102a01_00_01_23.mov,224,00:00:08
data/sequences/SZTRA102a01_00_02_15.mov,310,00:00:12
data/sequences/SZTRA102a01_00_02_40.mov,222,00:00:08
data/sequences/SZTRA102a01_00_02_55.mov,172,00:00:06
data/sequences/SZTRA102a01_00_05_36.mov,139,00:00:05
data/sequences/SZTRA102a02_00_00_02.mov,93,00:00:03
data/sequences/SZTRA102a02_00_01_50.mov,110,00:00:04
data/sequences/SZTRA102a03_00_00_11.mov,154,00:00:06
data/sequences/SZTRA102a04_00_00_09.mov,124,00:00:04
data/sequences/SZTRA102a04_00_01_36.mov,56,00:00:02
data/sequences/SZTRA102a05_00_00_20.mov,197,00:00:07
data/sequences/SZTRA102a06_00_00_54.mov,108,00:00:04
data/sequences/SZTRA102a07_00_00_02.mov,110,00:00:04
data/sequences/SZTRA102a07_00_00_58.mov,104,00:00:04
data/sequences/SZTRA102a08_00_00_17.mov,260,00:00:10
data/sequences/SZTRA102a09_00_00_09.mov,95,00:00:03
data/sequences/SZTRA102a10_00_00_12.mov,97,00:00:03
data/sequences/SZTRA102b01_00_00_50.mov,154,00:00:06
data/sequences/SZTRA102b01_00_02_10.mov,110,00:00:04
data/sequences/SZTRA102b01_00_03_35.mov,91,00:00:03
data/sequences/SZTRA102b01_00_04_58.mov,137,00:00:05
data/sequences/SZTRA102b02_00_00_17.mov,129,00:00:05
data/sequences/SZTRA102b02_00_01_58.mov,64,00:00:02
data/sequences/SZTRA102b03_00_00_14.mov,104,00:00:04
data/sequences/SZTRA102b04_00_00_22.mov,104,00:00:04
data/sequences/SZTRA102b05_00_00_06.mov,129,00:00:05
data/sequences/SZTRA102b06_00_00_02.mov,110,00:00:04
data/sequences/SZTRA102b07_00_00_49.mov,135,00:00:05
data/sequences/SZTRA102b08_00_00_07.mov,185,00:00:07
data/sequences/SZTRA102b08_00_01_54.mov,89,00:00:03
data/sequences/SZTRA102b09_00_00_06.mov,95,00:00:03
data/sequences/SZTRA102b10_00_00_09.mov,268,00:00:10
data/sequences/SZTRA102b11_00_00_12.mov,110,00:00:04
data/sequences/SZTRA102b12_00_00_11.mov,104,00:00:04
data/sequences/SZTRA102b12_00_01_14.mov,110,00:00:04
data/sequences/SZTRA102b13_00_00_20.mov,41,00:00:01
data/sequences/SZTRA103a01_00_01_33.mov,137,00:00:05
data/sequences/SZTRA103a01_00_05_19.mov,116,00:00:04
data/sequences/SZTRA103a02_00_00_07.mov,141,00:00:05
data/sequences/SZTRA103a03_00_00_12.mov,145,00:00:05
data/sequences/SZTRA103a04_00_00_03.mov,151,00:00:06
data/sequences/SZTRA103a04_00_01_33.mov,97,00:00:03
data/sequences/SZTRA103a05_00_00_07.mov,126,00:00:05
data/sequences/SZTRA103a06_00_00_04.mov,120,00:00:04
data/sequences/SZTRA103a07_00_00_11.mov,218,00:00:08
data/sequences/SZTRA103a08_00_00_04.mov,183,00:00:07
data/sequences/SZTRA103a08_00_01_48.mov,68,00:00:02
data/sequences/SZTRA103a09_00_00_15.mov,104,00:00:04
data/sequences/SZTRA103a09_00_01_46.mov,49,00:00:01
data/sequences/SZTRA103a10_00_00_03.mov,124,00:00:04
data/sequences/SZTRA103a11_00_00_14.mov,139,00:00:05
data/sequences/SZTRA103a12_00_00_07.mov,101,00:00:04
data/sequences/SZTRA103a12_00_01_16.mov,74,00:00:02
data/sequences/SZTRA103a13_00_00_05.mov,139,00:00:05
data/sequences/SZTRA103a13_00_01_33.mov,126,00:00:05
data/sequences/SZTRA103a14_00_00_02.mov,149,00:00:05
data/sequences/SZTRA103a15_00_00_06.mov,124,00:00:04
data/sequences/SZTRA103a16_00_00_07.mov,126,00:00:05
data/sequences/SZTRA103a16_00_01_25.mov,62,00:00:02
data/sequences/SZTRA103a17_00_00_09.mov,58,00:00:02
data/sequences/SZTRA103b01_00_00_07.mov,83,00:00:03
data/sequences/SZTRA103b01_00_00_47.mov,256,00:00:10
data/sequences/SZTRA103b01_00_06_13.mov,126,00:00:05
data/sequences/SZTRA103b02_00_00_12.mov,135,00:00:05
data/sequences/SZTRA103b03_00_00_11.mov,251,00:00:10
data/sequences/SZTRA103b03_00_02_22.mov,131,00:00:05
data/sequences/SZTRA103b04_00_00_15.mov,120,00:00:04
data/sequences/SZTRA103b05_00_00_30.mov,81,00:00:03
data/sequences/SZTRA103b05_00_02_01.mov,126,00:00:05
data/sequences/SZTRA103b05_00_03_14.mov,54,00:00:02
data/sequences/SZTRA103b06_00_00_13.mov,137,00:00:05
data/sequences/SZTRA103b07_00_00_09.mov,137,00:00:05
data/sequences/SZTRA103b08_00_00_05.mov,91,00:00:03
data/sequences/SZTRA103b08_00_01_05.mov,41,00:00:01
data/sequences/SZTRA103b09_00_00_09.mov,139,00:00:05
data/sequences/SZTRA103b09_00_01_28.mov,141,00:00:05
data/sequences/SZTRA103b10_00_00_19.mov,110,00:00:04
data/sequences/SZTRA103b10_00_01_19.mov,139,00:00:05
data/sequences/SZTRA103b10_00_01_20.mov,162,00:00:06
data/sequences/SZTRA103b10_00_02_03.mov,41,00:00:01
data/sequences/SZTRA103b11_00_00_22.mov,251,00:00:10
data/sequences/SZTRA103b11_00_02_51.mov,51,00:00:02
data/sequences/SZTRA103b12_00_00_10.mov,131,00:00:05
data/sequences/SZTRA103b13_00_00_16.mov,139,00:00:05
data/sequences/SZTRA103b13_00_01_33.mov,195,00:00:07
data/sequences/SZTRA103b14_00_00_15.mov,164,00:00:06
data/sequences/SZTRA103b15_00_00_09.mov,137,00:00:05
data/sequences/SZTRA103b15_00_01_29.mov,64,00:00:02
data/sequences/SZTRA103b15_00_02_00.mov,199,00:00:07
data/sequences/SZTRA103b16_00_00_06.mov,110,00:00:04
data/sequences/SZTRA103b16_00_01_52.mov,62,00:00:02
data/sequences/SZTRA103b17_00_00_12.mov,68,00:00:02
data/sequences/SZTRA104a01_00_01_48.mov,74,00:00:02
data/sequences/SZTRA104a01_00_04_18.mov,93,00:00:03
data/sequences/SZTRA104a01_00_05_14.mov,179,00:00:07
data/sequences/SZTRA104a01_00_07_16.mov,62,00:00:02
data/sequences/SZTRA104a02_00_00_17.mov,147,00:00:05
data/sequences/SZTRA104a03_00_00_04.mov,126,00:00:05
data/sequences/SZTRA104a04_00_00_07.mov,126,00:00:05
data/sequences/SZTRA104a04_00_01_23.mov,62,00:00:02
data/sequences/SZTRA104a05_00_00_09.mov,120,00:00:04
data/sequences/SZTRA104a06_00_00_46.mov,137,00:00:05
data/sequences/SZTRA104a06_00_02_09.mov,145,00:00:05
data/sequences/SZTRA104a07_00_00_10.mov,137,00:00:05
data/sequences/SZTRA104a07_00_01_32.mov,137,00:00:05
data/sequences/SZTRA104a08_00_00_18.mov,212,00:00:08
data/sequences/SZTRA104a09_00_00_29.mov,224,00:00:08
data/sequences/SZTRA104a10_00_00_11.mov,135,00:00:05
data/sequences/SZTRA104a10_00_02_00.mov,85,00:00:03
data/sequences/SZTRA104a11_00_00_06.mov,145,00:00:05
data/sequences/SZTRA104a11_00_02_03.mov,43,00:00:01
data/sequences/SZTRA104a12_00_00_08.mov,131,00:00:05
data/sequences/SZTRA104a12_00_01_39.mov,120,00:00:04
data/sequences/SZTRA104a13_00_00_28.mov,122,00:00:04
data/sequences/SZTRA104a14_00_00_13.mov,131,00:00:05
data/sequences/SZTRA104a14_00_01_21.mov,58,00:00:02
data/sequences/SZTRA104a15_00_00_25.mov,81,00:00:03
data/sequences/SZTRA104b01_00_00_31.mov,62,00:00:02
data/sequences/SZTRA104b01_00_01_10.mov,47,00:00:01
data/sequences/SZTRA104b01_00_06_12.mov,141,00:00:05
data/sequences/SZTRA104b01_00_09_03.mov,139,00:00:05
data/sequences/SZTRA104b02_00_00_08.mov,91,00:00:03
data/sequences/SZTRA104b02_00_00_24.mov,54,00:00:02
data/sequences/SZTRA104b02_00_01_10.mov,158,00:00:06
data/sequences/SZTRA104b03_00_00_39.mov,114,00:00:04
data/sequences/SZTRA104b04_00_00_47.mov,124,00:00:04
data/sequences/SZTRA104b04_00_02_13.mov,181,00:00:07
data/sequences/SZTRA104b05_00_00_36.mov,114,00:00:04
data/sequences/SZTRA104b06_00_00_10.mov,118,00:00:04
data/sequences/SZTRA104b06_00_01_09.mov,70,00:00:02
data/sequences/SZTRA104b07_00_00_19.mov,131,00:00:05
data/sequences/SZTRA104b07_00_01_24.mov,135,00:00:05
data/sequences/SZTRA104b07_00_01_33.mov,99,00:00:03
data/sequences/SZTRA104b08_00_00_19.mov,120,00:00:04
data/sequences/SZTRA104b09_00_00_22.mov,139,00:00:05
data/sequences/SZTRA104b10_00_00_20.mov,41,00:00:01
data/sequences/SZTRA104b10_00_00_40.mov,54,00:00:02
data/sequences/SZTRA104b10_00_01_22.mov,47,00:00:01
data/sequences/SZTRA201a01_00_01_06.mov,58,00:00:02
data/sequences/SZTRA201a01_00_02_43.mov,164,00:00:06
data/sequences/SZTRA201a01_00_05_13.mov,181,00:00:07
data/sequences/SZTRA201a01_00_06_19.mov,56,00:00:02
data/sequences/SZTRA201a01_00_07_21.mov,164,00:00:06
data/sequences/SZTRA201a01_00_08_50.mov,124,00:00:04
data/sequences/SZTRA201a02_00_00_06.mov,118,00:00:04
data/sequences/SZTRA201a02_00_01_38.mov,145,00:00:05
data/sequences/SZTRA201a03_00_01_17.mov,176,00:00:07
data/sequences/SZTRA201a04_00_00_16.mov,158,00:00:06
data/sequences/SZTRA201a04_00_01_46.mov,137,00:00:05
data/sequences/SZTRA201a05_00_00_09.mov,126,00:00:05
data/sequences/SZTRA201a05_00_01_59.mov,45,00:00:01
data/sequences/SZTRA201a06_00_00_03.mov,158,00:00:06
data/sequences/SZTRA201a07_00_00_24.mov,151,00:00:06
data/sequences/SZTRA201a07_00_02_02.mov,54,00:00:02
data/sequences/SZTRA201a08_00_00_06.mov,118,00:00:04
data/sequences/SZTRA201a09_00_00_01.mov,99,00:00:03
data/sequences/SZTRA201a10_00_00_15.mov,135,00:00:05
data/sequences/SZTRA201a10_00_01_22.mov,135,00:00:05
data/sequences/SZTRA201a11_00_00_14.mov,168,00:00:06
data/sequences/SZTRA201a12_00_00_22.mov,141,00:00:05
data/sequences/SZTRA201a13_00_00_26.mov,139,00:00:05
data/sequences/SZTRA201a13_00_01_38.mov,91,00:00:03
data/sequences/SZTRA201a14_00_00_14.mov,174,00:00:06
data/sequences/SZTRA201a14_00_02_47.mov,39,00:00:01
data/sequences/SZTRA201a15_00_00_15.mov,166,00:00:06
data/sequences/SZTRA201a16_00_00_15.mov,189,00:00:07
data/sequences/SZTRA201a17_00_00_10.mov,160,00:00:06
data/sequences/SZTRA201a17_00_01_48.mov,147,00:00:05
data/sequences/SZTRA201a18_00_00_15.mov,158,00:00:06
data/sequences/SZTRA201a19_00_00_06.mov,126,00:00:05
data/sequences/SZTRA201a20_00_00_02.mov,145,00:00:05
data/sequences/SZTRA201a20_00_01_38.mov,62,00:00:02
data/sequences/SZTRA201a21_00_00_06.mov,137,00:00:05
data/sequences/SZTRA201a22_00_01_10.mov,116,00:00:04
data/sequences/SZTRA201a23_00_01_08.mov,108,00:00:04
data/sequences/SZTRA201a24_00_01_20.mov,160,00:00:06
data/sequences/SZTRA201a25_00_01_14.mov,208,00:00:08
data/sequences/SZTRA201a26_00_01_18.mov,129,00:00:05
data/sequences/SZTRA201a27_00_00_31.mov,151,00:00:06
data/sequences/SZTRA201a28_00_00_03.mov,95,00:00:03
data/sequences/SZTRA201a28_00_00_56.mov,145,00:00:05
data/sequences/SZTRA201a29_00_00_06.mov,51,00:00:02
data/sequences/SZTRA201a29_00_01_13.mov,112,00:00:04
data/sequences/SZTRA201a30_00_00_54.mov,114,00:00:04
data/sequences/SZTRA201a31_00_01_17.mov,76,00:00:03
data/sequences/SZTRA201a31_00_02_23.mov,204,00:00:08
data/sequences/SZTRA202a01_00_00_42.mov,245,00:00:09
data/sequences/SZTRA202a01_00_02_17.mov,164,00:00:06
data/sequences/SZTRA202a01_00_04_02.mov,147,00:00:05
data/sequences/SZTRA202a01_00_05_36.mov,139,00:00:05
data/sequences/SZTRA202a02_00_01_50.mov,110,00:00:04
data/sequences/SZTRA202a03_00_00_09.mov,158,00:00:06
data/sequences/SZTRA202a03_00_01_56.mov,60,00:00:02
data/sequences/SZTRA202a04_00_00_09.mov,124,00:00:04
data/sequences/SZTRA202a04_00_01_22.mov,58,00:00:02
data/sequences/SZTRA202a05_00_00_21.mov,195,00:00:07
data/sequences/SZTRA202a06_00_00_30.mov,47,00:00:01
data/sequences/SZTRA202a06_00_00_54.mov,108,00:00:04
data/sequences/SZTRA202a06_00_02_55.mov,60,00:00:02
data/sequences/SZTRA202a07_00_00_02.mov,110,00:00:04
data/sequences/SZTRA202a08_00_00_17.mov,249,00:00:09
data/sequences/SZTRA202a08_00_02_46.mov,114,00:00:04
data/sequences/SZTRA202a09_00_00_04.mov,97,00:00:03
data/sequences/SZTRA202a10_00_00_08.mov,93,00:00:03
data/sequences/SZTRA202b01_00_01_09.mov,214,00:00:08
data/sequences/SZTRA202b01_00_03_26.mov,95,00:00:03
data/sequences/SZTRA202b01_00_04_59.mov,135,00:00:05
data/sequences/SZTRA202b02_00_00_19.mov,124,00:00:04
data/sequences/SZTRA202b02_00_01_33.mov,112,00:00:04
data/sequences/SZTRA202b03_00_00_15.mov,101,00:00:04
data/sequences/SZTRA202b04_00_00_22.mov,104,00:00:04
data/sequences/SZTRA202b04_00_01_21.mov,45,00:00:01
data/sequences/SZTRA202b05_00_00_06.mov,129,00:00:05
data/sequences/SZTRA202b05_00_01_10.mov,60,00:00:02
data/sequences/SZTRA202b06_00_00_01.mov,112,00:00:04
data/sequences/SZTRA202b07_00_00_53.mov,126,00:00:05
data/sequences/SZTRA202b08_00_00_03.mov,191,00:00:07
data/sequences/SZTRA202b09_00_00_06.mov,97,00:00:03
data/sequences/SZTRA202b09_00_01_55.mov,47,00:00:01
data/sequences/SZTRA202b10_00_00_09.mov,268,00:00:10
data/sequences/SZTRA202b11_00_00_08.mov,118,00:00:04
data/sequences/SZTRA202b11_00_01_18.mov,72,00:00:02
data/sequences/SZTRA202b12_00_00_12.mov,104,00:00:04
data/sequences/SZTRA202b13_00_00_19.mov,43,00:00:01
data/sequences/SZTRA203a01_00_00_03.mov,281,00:00:11
data/sequences/SZTRA203a01_00_03_16.mov,43,00:00:01
data/sequences/SZTRA203a01_00_05_19.mov,116,00:00:04
data/sequences/SZTRA203a02_00_00_08.mov,139,00:00:05
data/sequences/SZTRA203a03_00_00_12.mov,145,00:00:05
data/sequences/SZTRA203a03_00_02_10.mov,60,00:00:02
data/sequences/SZTRA203a04_00_00_03.mov,151,00:00:06
data/sequences/SZTRA203a05_00_00_05.mov,131,00:00:05
data/sequences/SZTRA203a06_00_00_03.mov,122,00:00:04
data/sequences/SZTRA203a06_00_01_26.mov,70,00:00:02
data/sequences/SZTRA203a07_00_00_24.mov,193,00:00:07
data/sequences/SZTRA203a07_00_01_57.mov,124,00:00:04
data/sequences/SZTRA203a08_00_00_05.mov,181,00:00:07
data/sequences/SZTRA203a08_00_01_42.mov,89,00:00:03
data/sequences/SZTRA203a09_00_00_16.mov,104,00:00:04
data/sequences/SZTRA203a09_00_01_19.mov,89,00:00:03
data/sequences/SZTRA203a10_00_00_02.mov,126,00:00:05
data/sequences/SZTRA203a10_00_01_22.mov,91,00:00:03
data/sequences/SZTRA203a11_00_00_10.mov,147,00:00:05
data/sequences/SZTRA203a12_00_00_06.mov,101,00:00:04
data/sequences/SZTRA203a13_00_00_02.mov,145,00:00:05
data/sequences/SZTRA203a14_00_00_06.mov,141,00:00:05
data/sequences/SZTRA203a15_00_00_09.mov,118,00:00:04
data/sequences/SZTRA203a16_00_00_06.mov,129,00:00:05
data/sequences/SZTRA203a16_00_01_27.mov,58,00:00:02
data/sequences/SZTRA203a17_00_00_10.mov,56,00:00:02
data/sequences/SZTRA203b01_00_00_21.mov,251,00:00:10
data/sequences/SZTRA203b01_00_02_33.mov,158,00:00:06
data/sequences/SZTRA203b01_00_06_13.mov,126,00:00:05
data/sequences/SZTRA203b02_00_00_12.mov,135,00:00:05
data/sequences/SZTRA203b02_00_01_57.mov,83,00:00:03
data/sequences/SZTRA203b02_00_02_12.mov,122,00:00:04
data/sequences/SZTRA203b03_00_00_26.mov,220,00:00:08
data/sequences/SZTRA203b03_00_02_38.mov,154,00:00:06
data/sequences/SZTRA203b04_00_00_15.mov,120,00:00:04
data/sequences/SZTRA203b05_00_00_43.mov,56,00:00:02
data/sequences/SZTRA203b05_00_02_01.mov,126,00:00:05
data/sequences/SZTRA203b06_00_00_13.mov,137,00:00:05
data/sequences/SZTRA203b06_00_01_27.mov,124,00:00:04
data/sequences/SZTRA203b07_00_00_09.mov,137,00:00:05
data/sequences/SZTRA203b08_00_00_05.mov,91,00:00:03
data/sequences/SZTRA203b08_00_01_06.mov,47,00:00:01
data/sequences/SZTRA203b09_00_00_08.mov,141,00:00:05
data/sequences/SZTRA203b10_00_00_17.mov,114,00:00:04
data/sequences/SZTRA203b10_00_01_48.mov,39,00:00:01
data/sequences/SZTRA203b11_00_00_13.mov,270,00:00:10
data/sequences/SZTRA203b11_00_02_44.mov,149,00:00:05
data/sequences/SZTRA203b12_00_00_10.mov,131,00:00:05
data/sequences/SZTRA203b13_00_00_16.mov,139,00:00:05
data/sequences/SZTRA203b13_00_01_28.mov,79,00:00:03
data/sequences/SZTRA203b13_00_02_23.mov,99,00:00:03
data/sequences/SZTRA203b14_00_00_18.mov,158,00:00:06
data/sequences/SZTRA203b14_00_01_48.mov,129,00:00:05
data/sequences/SZTRA203b15_00_00_09.mov,137,00:00:05
data/sequences/SZTRA203b15_00_01_40.mov,249,00:00:09
data/sequences/SZTRA203b15_00_01_56.mov,104,00:00:04
data/sequences/SZTRA203b16_00_00_06.mov,110,00:00:04
data/sequences/SZTRA203b16_00_01_15.mov,43,00:00:01
data/sequences/SZTRA203b17_00_00_13.mov,62,00:00:02
data/sequences/SZTRA204a01_00_05_06.mov,195,00:00:07
data/sequences/SZTRA204a02_00_00_17.mov,147,00:00:05
data/sequences/SZTRA204a02_00_01_53.mov,47,00:00:01
data/sequences/SZTRA204a03_00_00_03.mov,129,00:00:05
data/sequences/SZTRA204a04_00_00_07.mov,126,00:00:05
data/sequences/SZTRA204a05_00_00_10.mov,118,00:00:04
data/sequences/SZTRA204a06_00_00_48.mov,133,00:00:05
data/sequences/SZTRA204a06_00_02_31.mov,145,00:00:05
data/sequences/SZTRA204a07_00_00_11.mov,135,00:00:05
data/sequences/SZTRA204a07_00_01_37.mov,149,00:00:05
data/sequences/SZTRA204a08_00_00_19.mov,210,00:00:08
data/sequences/SZTRA204a09_00_00_37.mov,208,00:00:08
data/sequences/SZTRA204a10_00_00_10.mov,137,00:00:05
data/sequences/SZTRA204a10_00_01_34.mov,145,00:00:05
data/sequences/SZTRA204a11_00_00_06.mov,145,00:00:05
data/sequences/SZTRA204a12_00_00_07.mov,133,00:00:05
data/sequences/SZTRA204a12_00_01_34.mov,147,00:00:05
data/sequences/SZTRA204a13_00_00_27.mov,124,00:00:04
data/sequences/SZTRA204a13_00_01_39.mov,41,00:00:01
data/sequences/SZTRA204a14_00_00_09.mov,139,00:00:05
data/sequences/SZTRA204a14_00_01_38.mov,41,00:00:01
data/sequences/SZTRA204a15_00_00_24.mov,83,00:00:03
data/sequences/SZTRA204a15_00_01_05.mov,43,00:00:01
data/sequences/SZTRA204a15_00_01_29.mov,56,00:00:02
data/sequences/SZTRN101a_00_00_30.mov,189,00:00:07
data/sequences/SZTRN101a_00_04_14.mov,122,00:00:04
data/sequences/SZTRN101a_00_05_14.mov,87,00:00:03
data/sequences/SZTRN101a_00_06_28.mov,189,00:00:07
data/sequences/SZTRN101a_00_10_36.mov,41,00:00:01
data/sequences/SZTRN101a_00_11_10.mov,170,00:00:06
data/sequences/SZTRN101b_00_00_15.mov,231,00:00:09
data/sequences/SZTRN101b_00_04_55.mov,279,00:00:11
data/sequences/SZTRN101b_00_09_51.mov,168,00:00:06
data/sequences/SZTRN101b_00_12_36.mov,66,00:00:02
data/sequences/SZTRN101b_00_15_56.mov,210,00:00:08
data/sequences/SZTRN101b_00_22_01.mov,47,00:00:01
data/sequences/SZTRN101b_00_22_39.mov,224,00:00:08
data/sequences/SZTRN101b_00_25_11.mov,162,00:00:06
data/sequences/SZTRN101c_00_00_48.mov,62,00:00:02
data/sequences/SZTRN101c_00_09_22.mov,104,00:00:04
data/sequences/SZTRN101c_00_11_11.mov,129,00:00:05
data/sequences/SZTRN101c_00_14_24.mov,241,00:00:09
data/sequences/SZTRN101c_00_14_40.mov,183,00:00:07
data/sequences/SZTRN101c_00_17_22.mov,251,00:00:10
data/sequences/SZTRN101c_00_20_26.mov,56,00:00:02
data/sequences/SZTRN101c_00_22_00.mov,64,00:00:02
data/sequences/SZTRN101c_00_26_16.mov,233,00:00:09
data/sequences/SZTRN101d_00_01_42.mov,233,00:00:09
data/sequences/SZTRN101d_00_07_31.mov,262,00:00:10
data/sequences/SZTRN101d_00_10_25.mov,70,00:00:02
data/sequences/SZTRN101d_00_11_28.mov,93,00:00:03
data/sequences/SZTRN101d_00_12_27.mov,62,00:00:02
data/sequences/SZTRN101d_00_13_58.mov,49,00:00:01
data/sequences/SZTRN101d_00_16_59.mov,272,00:00:10
data/sequences/SZTRN101d_00_25_31.mov,166,00:00:06
data/sequences/SZTRN102a_00_03_50.mov,158,00:00:06
data/sequences/SZTRN102a_00_11_27.mov,91,00:00:03
data/sequences/SZTRN102a_00_15_39.mov,231,00:00:09
data/sequences/SZTRN102a_00_22_21.mov,185,00:00:07
data/sequences/SZTRN102a_00_26_20.mov,112,00:00:04
data/sequences/SZTRN102a_00_31_56.mov,118,00:00:04
data/sequences/SZTRN102a_00_36_20.mov,285,00:00:11
data/sequences/SZTRN102b_00_00_10.mov,39,00:00:01
data/sequences/SZTRN102b_00_01_34.mov,131,00:00:05
data/sequences/SZTRN102b_00_04_18.mov,112,00:00:04
data/sequences/SZTRN102b_00_09_35.mov,58,00:00:02
data/sequences/SZTRN102b_00_11_38.mov,108,00:00:04
data/sequences/SZTRN102b_00_13_37.mov,114,00:00:04
data/sequences/SZTRN102b_00_15_33.mov,156,00:00:06
data/sequences/SZTRN102b_00_25_18.mov,147,00:00:05
data/sequences/SZTRN102b_00_27_31.mov,68,00:00:02
data/sequences/SZTRN102c_00_07_53.mov,64,00:00:02
data/sequences/SZTRN102c_00_13_04.mov,116,00:00:04
data/sequences/SZTRN102c_00_15_41.mov,168,00:00:06
data/sequences/SZTRN102c_00_23_10.mov,143,00:00:05
data/sequences/SZTRN102c_00_24_35.mov,43,00:00:01
data/sequences/SZTRN102c_00_25_40.mov,58,00:00:02
data/sequences/SZTRN102c_00_27_03.mov,47,00:00:01
data/sequences/SZTRN102d_00_01_45.mov,224,00:00:08
data/sequences/SZTRN102d_00_12_42.mov,74,00:00:02
data/sequences/SZTRN103a_00_00_59.mov,43,00:00:01
data/sequences/SZTRN103a_00_07_06.mov,264,00:00:10
data/sequences/SZTRN103a_00_09_40.mov,120,00:00:04
data/sequences/SZTRN103a_00_17_58.mov,122,00:00:04
data/sequences/SZTRN103a_00_19_59.mov,224,00:00:08
data/sequences/SZTRN103a_00_22_56.mov,306,00:00:12
data/sequences/SZTRN103a_00_26_55.mov,218,00:00:08
data/sequences/SZTRN103a_00_28_51.mov,212,00:00:08
data/sequences/SZTRN103a_00_34_13.mov,66,00:00:02
data/sequences/SZTRN103a_00_35_11.mov,272,00:00:10
data/sequences/SZTRN103b_00_02_08.mov,68,00:00:02
data/sequences/SZTRN103b_00_03_38.mov,81,00:00:03
data/sequences/SZTRN103b_00_04_32.mov,235,00:00:09
data/sequences/SZTRN103b_00_10_42.mov,260,00:00:10
data/sequences/SZTRN103b_00_20_12.mov,181,00:00:07
data/sequences/SZTRN103b_00_22_50.mov,162,00:00:06
data/sequences/SZTRN201a_00_04_07.mov,131,00:00:05
data/sequences/SZTRN201a_00_05_01.mov,156,00:00:06
data/sequences/SZTRN201a_00_07_31.mov,120,00:00:04
data/sequences/SZTRN201a_00_11_57.mov,299,00:00:11
data/sequences/SZTRN201b_00_04_55.mov,195,00:00:07
data/sequences/SZTRN201b_00_06_34.mov,124,00:00:04
data/sequences/SZTRN201b_00_09_23.mov,306,00:00:12
data/sequences/SZTRN201b_00_14_19.mov,145,00:00:05
data/sequences/SZTRN201b_00_22_08.mov,112,00:00:04
data/sequences/SZTRN201b_00_25_57.mov,274,00:00:10
data/sequences/SZTRN201c_00_02_06.mov,116,00:00:04
data/sequences/SZTRN201c_00_03_50.mov,72,00:00:02
data/sequences/SZTRN201c_00_06_03.mov,293,00:00:11
data/sequences/SZTRN201c_00_12_25.mov,181,00:00:07
data/sequences/SZTRN201c_00_15_09.mov,304,00:00:12
data/sequences/SZTRN201c_00_18_33.mov,118,00:00:04
data/sequences/SZTRN201c_00_19_47.mov,197,00:00:07
data/sequences/SZTRN201d_00_02_19.mov,151,00:00:06
data/sequences/SZTRN201d_00_05_04.mov,210,00:00:08
data/sequences/SZTRN201d_00_06_32.mov,41,00:00:01
data/sequences/SZTRN201d_00_07_33.mov,43,00:00:01
data/sequences/SZTRN201d_00_08_28.mov,279,00:00:11
data/sequences/SZTRN201d_00_16_02.mov,147,00:00:05
data/sequences/SZTRN201d_00_17_50.mov,281,00:00:11
data/sequences/SZTRN201d_00_26_19.mov,91,00:00:03
data/sequences/SZTRN201e_00_00_59.mov,101,00:00:04
data/sequences/SZTRN201e_00_02_26.mov,235,00:00:09
data/sequences/SZTRN201e_00_04_57.mov,110,00:00:04
data/sequences/SZTRN201e_00_06_06.mov,195,00:00:07
data/sequences/SZTRN201e_00_08_07.mov,191,00:00:07
data/sequences/SZTRN201e_00_12_47.mov,141,00:00:05
data/sequences/SZTRN202a_00_01_02.mov,74,00:00:02
data/sequences/SZTRN202a_00_02_52.mov,247,00:00:09
data/sequences/SZTRN202a_00_11_12.mov,47,00:00:01
data/sequences/SZTRN202a_00_11_46.mov,43,00:00:01
data/sequences/SZTRN202a_00_14_58.mov,147,00:00:05
data/sequences/SZTRN202a_00_18_05.mov,99,00:00:03
data/sequences/SZTRN202a_00_24_30.mov,210,00:00:08
data/sequences/SZTRN202a_00_27_11.mov,91,00:00:03
data/sequences/SZTRN202b_00_00_09.mov,145,00:00:05
data/sequences/SZTRN202b_00_04_27.mov,83,00:00:03
data/sequences/SZTRN202b_00_05_15.mov,85,00:00:03
data/sequences/SZTRN202b_00_10_27.mov,191,00:00:07
data/sequences/SZTRN202b_00_14_30.mov,108,00:00:04
data/sequences/SZTRN202b_00_16_07.mov,216,00:00:08
data/sequences/SZTRN202b_00_17_33.mov,164,00:00:06
data/sequences/SZTRN202b_00_18_57.mov,166,00:00:06
data/sequences/SZTRN202b_00_23_27.mov,241,00:00:09
data/sequences/SZTRN202c_00_01_55.mov,95,00:00:03
data/sequences/SZTRN202c_00_03_05.mov,279,00:00:11
data/sequences/SZTRN202c_00_04_17.mov,310,00:00:12
data/sequences/SZTRN202c_00_15_00.mov,181,00:00:07
data/sequences/SZTRN202c_00_19_03.mov,254,00:00:10
data/sequences/SZTRN202c_00_26_02.mov,274,00:00:10
data/sequences/SZTRN202d_00_03_05.mov,45,00:00:01
data/sequences/SZTRN202d_00_03_35.mov,162,00:00:06
data/sequences/SZTRN202d_00_08_18.mov,149,00:00:05
data/sequences/SZTRN202d_00_09_52.mov,147,00:00:05
data/sequences/SZTRN202d_00_11_17.mov,66,00:00:02
data/sequences/SZTRN202d_00_12_32.mov,183,00:00:07
data/sequences/SZTRN203a_00_00_45.mov,210,00:00:08
data/sequences/SZTRN203a_00_10_40.mov,154,00:00:06
