filename,StartTime,EndTime,Duration,Distance,SubjectApproachType,SubjectDescription,SubjectOrientation,Classification,Distraction,Stage,Weather.Clouds,Weather.Fog,Weather.Rain,Weather.Snow,Weather.TimeOfDay
SZTE/video/SZTEA101a.mov,00:05:37,00:06:37,00:01:00,30.0,Crouch Walk,One Person,Perpendicular,TP,,1,None,False,False,False,Dawn
SZTE/video/SZTEA101a.mov,00:08:58,00:10:06,00:01:08,15.0,Crawl,One Person,Perpendicular,TP,,1,None,False,False,False,Dawn
SZTE/video/SZTEA101a.mov,00:12:12,00:13:12,00:01:00,10.0,Run,One Person,Perpendicular,TP,,1,None,False,False,False,Dawn
SZTE/video/SZTEA101a.mov,00:15:14,00:16:52,00:01:38,15.0,Creep walk,One Person,Perpendicular,TP,,1,None,False,False,False,Dawn
SZTE/video/SZTEA101a.mov,00:18:41,00:19:33,00:00:52,30.0,Run,One Person,Perpendicular,TP,,1,None,False,False,False,Dawn
SZTE/video/SZTEA101a.mov,00:21:32,00:22:25,00:00:53,15.0,Crouch Run,One Person,Perpendicular,TP,,1,None,False,False,False,Dawn
SZTE/video/SZTEA101a.mov,00:24:44,00:25:51,00:01:07,15.0,Walk,One Person,Perpendicular,TP,,1,None,False,False,False,Dawn
SZTE/video/SZTEA101a.mov,00:27:58,00:28:59,00:01:01,15.0,Walk,Two people,Perpendicular,TP,,1,None,False,False,False,Dawn
SZTE/video/SZTEA101a.mov,00:31:14,00:33:43,00:02:29,15.0,Creep walk,One Person,Diagonal,TP,,1,None,False,False,False,Dawn
SZTE/video/SZTEA101a.mov,00:35:51,00:36:22,00:00:31,10.0,Walk With Ladder,One Person,Perpendicular,TP,,1,None,False,False,False,Dawn
SZTE/video/SZTEA101a.mov,00:29:31,00:30:00,00:00:29,,,,,FP,Camera switch from monochrome to colour,1,None,False,False,False,Dawn
SZTE/video/SZTEA101a.mov,00:13:59,00:14:18,00:00:19,,,,,FP,,1,None,False,False,False,Dawn
SZTE/video/SZTEA101a.mov,00:03:05,00:04:44,00:01:39,,,,,FP,,1,None,False,False,False,Dawn
SZTE/video/SZTEA101a.mov,00:25:53,00:26:21,00:00:28,,,,,FP,,1,None,False,False,False,Dawn
SZTE/video/SZTEA101b.mov,00:07:45,00:09:16,00:01:31,15.0,Creep walk,One Person,Perpendicular,TP,,1,Overcast,False,False,False,Dusk
SZTE/video/SZTEA101b.mov,00:10:40,00:12:26,00:01:46,10.0,Creep walk,One Person,Perpendicular,TP,,1,Overcast,False,False,False,Dusk
SZTE/video/SZTEA101b.mov,00:13:56,00:14:55,00:00:59,10.0,Run,One Person,Diagonal,TP,,1,Overcast,False,False,False,Dusk
SZTE/video/SZTEA101b.mov,00:16:17,00:17:22,00:01:05,15.0,Run,One Person,Perpendicular,TP,,1,Overcast,False,False,False,Dusk
SZTE/video/SZTEA101b.mov,00:18:50,00:19:55,00:01:05,30.0,Crouch Run,One Person,Perpendicular,TP,,1,Overcast,False,False,False,Dusk
SZTE/video/SZTEA101b.mov,00:21:12,00:22:18,00:01:06,10.0,Crouch Run,One Person,Perpendicular,TP,,1,Overcast,False,False,False,Dusk
SZTE/video/SZTEA101b.mov,00:24:02,00:25:39,00:01:37,30.0,Walk,One Person,Perpendicular,TP,,1,Overcast,False,False,False,Dusk
SZTE/video/SZTEA101b.mov,00:26:51,00:27:43,00:00:52,30.0,Walk,Two people,Perpendicular,TP,,1,Overcast,False,False,False,Dusk
SZTE/video/SZTEA101b.mov,00:29:16,00:30:57,00:01:41,30.0,Creep walk,One Person,Perpendicular,TP,,1,Overcast,False,False,False,Dusk
SZTE/video/SZTEA101b.mov,00:32:26,00:33:55,00:01:29,15.0,Body Drag,One Person,Perpendicular,TP,,1,Overcast,False,False,False,Dusk
SZTE/video/SZTEA101b.mov,00:35:29,00:36:49,00:01:20,15.0,Walk,One Person,Diagonal,TP,,1,Overcast,False,False,False,Dusk
SZTE/video/SZTEA101b.mov,00:38:29,00:39:27,00:00:58,10.0,Walk,One Person,Perpendicular,TP,,1,Overcast,False,False,False,Dusk
SZTE/video/SZTEA101b.mov,00:41:47,00:42:58,00:01:11,10.0,Walk,Two people,Perpendicular,TP,,1,Overcast,False,False,False,Dusk
SZTE/video/SZTEA101b.mov,00:45:54,00:46:59,00:01:05,30.0,Crawl,One Person,Perpendicular,TP,,1,Overcast,False,False,False,Dusk
SZTE/video/SZTEA101b.mov,00:48:48,00:49:30,00:00:42,15.0,Walk With Ladder,One Person,Perpendicular,TP,,1,Overcast,False,False,False,Dusk
SZTE/video/SZTEA101b.mov,00:04:51,00:06:40,00:01:49,,,,,FP,,1,Overcast,False,False,False,Dusk
SZTE/video/SZTEA102a.mov,00:05:01,00:06:09,00:01:08,10.0,Crouch Walk,One Person,Perpendicular,TP,,1,None,False,False,False,Day
SZTE/video/SZTEA102a.mov,00:08:01,00:08:58,00:00:57,15.0,Crouch Run,One Person,Perpendicular,TP,,1,None,False,False,False,Day
SZTE/video/SZTEA102a.mov,00:11:15,00:12:06,00:00:51,10.0,Walk,One Person,Perpendicular,TP,,1,None,False,False,False,Day
SZTE/video/SZTEA102a.mov,00:13:50,00:14:46,00:00:56,10.0,Walk,Two people,Perpendicular,TP,,1,None,False,False,False,Day
SZTE/video/SZTEA102a.mov,00:16:09,00:17:10,00:01:01,30.0,Crouch Walk,One Person,Perpendicular,TP,,1,None,False,False,False,Day
SZTE/video/SZTEA102a.mov,00:18:56,00:20:18,00:01:22,10.0,Crawl,One Person,Perpendicular,TP,,1,None,False,False,False,Day
SZTE/video/SZTEA102a.mov,00:21:18,00:22:39,00:01:21,30.0,Body Drag,One Person,Perpendicular,TP,,1,None,False,False,False,Day
SZTE/video/SZTEA102a.mov,00:23:50,00:24:44,00:00:54,30.0,Run,One Person,Perpendicular,TP,,1,None,False,False,False,Day
SZTE/video/SZTEA102a.mov,00:26:22,00:28:29,00:02:07,10.0,Creep walk,One Person,Perpendicular,TP,,1,None,False,False,False,Day
SZTE/video/SZTEA102a.mov,00:29:46,00:30:48,00:01:02,30.0,Log Roll,One Person,Perpendicular,TP,,1,None,False,False,False,Day
SZTE/video/SZTEA102a.mov,00:31:58,00:32:41,00:00:43,10.0,Run,One Person,Perpendicular,TP,,1,None,False,False,False,Day
SZTE/video/SZTEA102a.mov,00:34:05,00:34:55,00:00:50,10.0,Run,One Person,Perpendicular,TP,,1,None,False,False,False,Day
SZTE/video/SZTEA102a.mov,00:36:18,00:36:39,00:00:21,30.0,Walk With Ladder,One Person,Perpendicular,TP,,1,None,False,False,False,Day
SZTE/video/SZTEA102a.mov,00:00:52,00:02:35,00:01:43,,,,,FP,,1,None,False,False,False,Day
SZTE/video/SZTEA102b.mov,00:05:08,00:06:20,00:01:12,15.0,Walk,One Person,Diagonal,TP,,1,Overcast,False,False,False,Day
SZTE/video/SZTEA102b.mov,00:07:50,00:09:22,00:01:32,10.0,Creep walk,One Person,Perpendicular,TP,,1,Overcast,False,False,False,Day
SZTE/video/SZTEA102b.mov,00:10:36,00:11:56,00:01:20,15.0,Body Drag,One Person,Perpendicular,TP,,1,Overcast,False,False,False,Day
SZTE/video/SZTEA102b.mov,00:13:10,00:14:04,00:00:54,30.0,Run,One Person,Perpendicular,TP,,1,Overcast,False,False,False,Day
SZTE/video/SZTEA102b.mov,00:15:22,00:16:05,00:00:43,30.0,Crouch Run,One Person,Perpendicular,TP,,1,Overcast,False,False,False,Day
SZTE/video/SZTEA102b.mov,00:17:48,00:18:40,00:00:52,30.0,Walk,One Person,Perpendicular,TP,,1,Overcast,False,False,False,Day
SZTE/video/SZTEA102b.mov,00:20:09,00:21:16,00:01:07,30.0,Walk,Two people,Perpendicular,TP,,1,Overcast,False,False,False,Day
SZTE/video/SZTEA102b.mov,00:22:49,00:24:09,00:01:20,15.0,Creep walk,One Person,Perpendicular,TP,,1,Overcast,False,False,False,Day
SZTE/video/SZTEA102b.mov,00:25:33,00:26:23,00:00:50,10.0,Run,One Person,Perpendicular,TP,,1,Overcast,False,False,False,Day
SZTE/video/SZTEA102b.mov,00:28:27,00:29:16,00:00:49,15.0,Walk,One Person,Perpendicular,TP,,1,Overcast,False,False,False,Day
SZTE/video/SZTEA102b.mov,00:30:44,00:31:34,00:00:50,15.0,Walk,Two people,Perpendicular,TP,,1,Overcast,False,False,False,Day
SZTE/video/SZTEA102b.mov,00:32:57,00:33:55,00:00:58,30.0,Crouch Walk,One Person,Perpendicular,TP,,1,Overcast,False,False,False,Day
SZTE/video/SZTEA102b.mov,00:35:28,00:36:39,00:01:11,30.0,Crawl,One Person,Perpendicular,TP,,1,Overcast,False,False,False,Day
SZTE/video/SZTEA102b.mov,00:37:59,00:39:11,00:01:12,10.0,Crawl,One Person,Perpendicular,TP,,1,Overcast,False,False,False,Day
SZTE/video/SZTEA102b.mov,00:40:37,00:41:36,00:00:59,10.0,Log Roll,One Person,Perpendicular,TP,,1,Overcast,False,False,False,Day
SZTE/video/SZTEA102b.mov,00:43:05,00:43:52,00:00:47,15.0,Run,One Person,Perpendicular,TP,,1,Overcast,False,False,False,Day
SZTE/video/SZTEA102b.mov,00:45:14,00:45:47,00:00:33,10.0,Walk With Ladder,One Person,Perpendicular,TP,,1,Overcast,False,False,False,Day
SZTE/video/SZTEA102b.mov,00:39:20,00:39:28,00:00:08,,,,,FP,Vehicle,1,Overcast,False,False,False,Day
SZTE/video/SZTEA102b.mov,00:17:26,00:19:06,00:01:40,,,,,FP,,1,Overcast,False,False,False,Day
SZTE/video/SZTEA103a.mov,00:06:17,00:07:19,00:01:02,15.0,Walk,One Person,Perpendicular,TP,,1,Some,False,False,False,Day
SZTE/video/SZTEA103a.mov,00:08:46,00:09:40,00:00:54,15.0,Walk,Two people,Perpendicular,TP,,1,Some,False,False,False,Day
SZTE/video/SZTEA103a.mov,00:11:21,00:12:18,00:00:57,10.0,Run,One Person,Diagonal,TP,,1,Some,False,False,False,Day
SZTE/video/SZTEA103a.mov,00:13:38,00:14:28,00:00:50,15.0,Run,One Person,Perpendicular,TP,,1,Some,False,False,False,Day
SZTE/video/SZTEA103a.mov,00:16:19,00:17:24,00:01:05,30.0,Walk,One Person,Perpendicular,TP,,1,Some,False,False,False,Day
SZTE/video/SZTEA103a.mov,00:18:38,00:19:42,00:01:04,30.0,Walk,Two people,Perpendicular,TP,,1,Some,False,False,False,Day
SZTE/video/SZTEA103a.mov,00:21:23,00:22:33,00:01:10,10.0,Creep walk,One Person,Perpendicular,TP,,1,Some,False,False,False,Day
SZTE/video/SZTEA103a.mov,00:23:55,00:24:50,00:00:55,10.0,Run,One Person,Perpendicular,TP,,1,Some,False,False,False,Day
SZTE/video/SZTEA103a.mov,00:26:10,00:27:12,00:01:02,30.0,Crouch Run,One Person,Perpendicular,TP,,1,Some,False,False,False,Day
SZTE/video/SZTEA103a.mov,00:28:50,00:29:57,00:01:07,15.0,Walk,One Person,Diagonal,TP,,1,Some,False,False,False,Day
SZTE/video/SZTEA103a.mov,00:31:50,00:32:53,00:01:03,30.0,Creep walk,One Person,Perpendicular,TP,,1,Some,False,False,False,Day
SZTE/video/SZTEA103a.mov,00:34:09,00:35:12,00:01:03,15.0,Crouch Walk,One Person,Diagonal,TP,,1,Some,False,False,False,Day
SZTE/video/SZTEA103a.mov,00:36:41,00:37:49,00:01:08,15.0,Crawl,One Person,Perpendicular,TP,,1,Some,False,False,False,Day
SZTE/video/SZTEA103a.mov,00:39:36,00:40:59,00:01:23,10.0,Body Drag,One Person,Perpendicular,TP,,1,Some,False,False,False,Day
SZTE/video/SZTEA103a.mov,00:42:09,00:43:06,00:00:57,30.0,Run,One Person,Perpendicular,TP,,1,Some,False,False,False,Day
SZTE/video/SZTEA103a.mov,00:44:25,00:45:15,00:00:50,10.0,Crouch Run,One Person,Perpendicular,TP,,1,Some,False,False,False,Day
SZTE/video/SZTEA103a.mov,00:46:44,00:47:14,00:00:30,10.0,Walk With Ladder,One Person,Perpendicular,TP,,1,Some,False,False,False,Day
SZTE/video/SZTEA104a.mov,00:07:11,00:08:08,00:00:57,15.0,Walk,One Person,Perpendicular,TP,,1,,False,False,False,Night
SZTE/video/SZTEA104a.mov,00:09:51,00:10:44,00:00:53,15.0,Walk,Two people,Perpendicular,TP,,1,,False,False,False,Night
SZTE/video/SZTEA104a.mov,00:12:51,00:14:27,00:01:36,10.0,Creep walk,One Person,Perpendicular,TP,,1,,False,False,False,Night
SZTE/video/SZTEA104a.mov,00:15:58,00:17:03,00:01:05,10.0,Crouch Walk,One Person,Diagonal,TP,,1,,False,False,False,Night
SZTE/video/SZTEA104a.mov,00:18:52,00:20:04,00:01:12,30.0,Body Drag,One Person,Perpendicular,TP,,1,,False,False,False,Night
SZTE/video/SZTEA104a.mov,00:21:34,00:23:14,00:01:40,15.0,Body Drag,One Person,Perpendicular,TP,,1,,False,False,False,Night
SZTE/video/SZTEA104a.mov,00:25:05,00:26:28,00:01:23,10.0,Body Drag,One Person,Perpendicular,TP,,1,,False,False,False,Night
SZTE/video/SZTEA104a.mov,00:28:38,00:29:26,00:00:48,15.0,Run,One Person,Diagonal,TP,,1,,False,False,False,Night
SZTE/video/SZTEA104a.mov,00:30:59,00:31:57,00:00:58,15.0,Run,One Person,Perpendicular,TP,,1,,False,False,False,Night
SZTE/video/SZTEA104a.mov,00:33:20,00:34:17,00:00:57,30.0,Crouch Run,One Person,Perpendicular,TP,,1,,False,False,False,Night
SZTE/video/SZTEA104a.mov,00:35:33,00:36:33,00:01:00,10.0,Crouch Run,One Person,Perpendicular,TP,,1,,False,False,False,Night
SZTE/video/SZTEA104a.mov,00:38:04,00:38:55,00:00:51,30.0,Walk,One Person,Perpendicular,TP,,1,,False,False,False,Night
SZTE/video/SZTEA104a.mov,00:41:08,00:42:03,00:00:55,30.0,Walk,Two people,Perpendicular,TP,,1,,False,False,False,Night
SZTE/video/SZTEA104a.mov,00:43:42,00:45:09,00:01:27,30.0,Creep walk,One Person,Perpendicular,TP,,1,,False,False,False,Night
SZTE/video/SZTEA104a.mov,00:47:00,00:47:54,00:00:54,30.0,Crouch Walk,One Person,Perpendicular,TP,,1,,False,False,False,Night
SZTE/video/SZTEA104a.mov,00:49:38,00:50:38,00:01:00,10.0,Crouch Walk,One Person,Perpendicular,TP,,1,,False,False,False,Night
SZTE/video/SZTEA104a.mov,00:52:17,00:53:26,00:01:09,15.0,Crawl,One Person,Perpendicular,TP,,1,,False,False,False,Night
SZTE/video/SZTEA104a.mov,00:54:49,00:56:13,00:01:24,10.0,Crawl,One Person,Perpendicular,TP,,1,,False,False,False,Night
SZTE/video/SZTEA104a.mov,00:57:37,00:59:08,00:01:31,10.0,Log Roll,One Person,Perpendicular,TP,,1,,False,False,False,Night
SZTE/video/SZTEA104a.mov,01:00:46,01:01:58,00:01:12,10.0,Run,One Person,Perpendicular,TP,,1,,False,False,False,Night
SZTE/video/SZTEA104a.mov,01:03:28,01:04:31,00:01:03,30.0,Walk,One Person,Diagonal,TP,,1,,False,False,False,Night
SZTE/video/SZTEA104a.mov,01:06:12,01:07:21,00:01:09,10.0,Walk,One Person,Perpendicular,TP,,1,,False,False,False,Night
SZTE/video/SZTEA104a.mov,01:09:31,01:10:25,00:00:54,10.0,Walk,Two people,Perpendicular,TP,,1,,False,False,False,Night
SZTE/video/SZTEA104a.mov,01:13:07,01:14:48,00:01:41,30.0,Creep walk,One Person,Diagonal,TP,,1,,False,False,False,Night
SZTE/video/SZTEA104a.mov,01:16:14,01:17:46,00:01:32,15.0,Creep walk,One Person,Perpendicular,TP,,1,,False,False,False,Night
SZTE/video/SZTEA104a.mov,01:19:26,01:20:29,00:01:03,15.0,Crouch Walk,One Person,Perpendicular,TP,,1,,False,False,False,Night
SZTE/video/SZTEA104a.mov,01:22:06,01:23:10,00:01:04,30.0,Crawl,One Person,Perpendicular,TP,,1,,False,False,False,Night
SZTE/video/SZTEA104a.mov,01:24:54,01:25:59,00:01:05,30.0,Log Roll,One Person,Perpendicular,TP,,1,,False,False,False,Night
SZTE/video/SZTEA104a.mov,01:27:12,01:28:02,00:00:50,30.0,Run,One Person,Perpendicular,TP,,1,,False,False,False,Night
SZTE/video/SZTEA104a.mov,01:29:50,01:30:41,00:00:51,15.0,Crouch Run,One Person,Perpendicular,TP,,1,,False,False,False,Night
SZTE/video/SZTEA104a.mov,01:31:51,01:32:18,00:00:27,15.0,Walk With Ladder,One Person,Perpendicular,TP,,1,,False,False,False,Night
SZTE/video/SZTEA104a.mov,00:00:00,00:00:49,00:00:49,,,,,FP,Bats,1,,False,False,False,Night
SZTE/video/SZTEA105a.mov,00:10:37,00:11:41,00:01:04,10.0,Walk,One Person,Perpendicular,TP,,1,Overcast,False,False,True,Day
SZTE/video/SZTEA105a.mov,00:13:40,00:14:26,00:00:46,10.0,Walk,Two people,Perpendicular,TP,,1,Overcast,False,False,True,Day
SZTE/video/SZTEA105a.mov,00:16:24,00:17:33,00:01:09,30.0,Creep walk,One Person,Perpendicular,TP,,1,Overcast,False,False,True,Day
SZTE/video/SZTEA105a.mov,00:18:56,00:20:03,00:01:07,15.0,Crawl,One Person,Perpendicular,TP,,1,Overcast,False,False,True,Day
SZTE/video/SZTEA105a.mov,00:21:25,00:22:27,00:01:02,30.0,Run,One Person,Perpendicular,TP,,1,Overcast,False,False,True,Day
SZTE/video/SZTEA105a.mov,00:23:55,00:24:48,00:00:53,10.0,Run,One Person,Perpendicular,TP,,1,Overcast,False,False,True,Day
SZTE/video/SZTEA105a.mov,00:26:32,00:27:31,00:00:59,30.0,Crawl,One Person,Perpendicular,TP,,1,Overcast,False,False,True,Day
SZTE/video/SZTEA105a.mov,00:29:03,00:30:02,00:00:59,15.0,Run,One Person,Diagonal,TP,,1,Overcast,False,False,True,Day
SZTE/video/SZTEA105a.mov,00:32:03,00:32:57,00:00:54,15.0,Crouch Run,One Person,Perpendicular,TP,,1,Overcast,False,False,True,Day
SZTE/video/SZTEA105a.mov,00:35:05,00:35:28,00:00:23,15.0,Walk With Ladder,One Person,Perpendicular,TP,,1,Overcast,False,False,True,Day
SZTE/video/SZTEA201a.mov,00:05:35,00:06:37,00:01:02,10.0,Crouch Walk,One Person,Perpendicular,TP,,2,None,False,False,False,Dawn
SZTE/video/SZTEA201a.mov,00:08:58,00:10:06,00:01:08,15.0,Crawl,One Person,Perpendicular,TP,,2,None,False,False,False,Dawn
SZTE/video/SZTEA201a.mov,00:12:13,00:13:12,00:00:59,30.0,Run,One Person,Perpendicular,TP,,2,None,False,False,False,Dawn
SZTE/video/SZTEA201a.mov,00:15:15,00:16:52,00:01:37,15.0,Creep walk,One Person,Perpendicular,TP,,2,None,False,False,False,Dawn
SZTE/video/SZTEA201a.mov,00:18:41,00:19:33,00:00:52,10.0,Run,One Person,Perpendicular,TP,,2,None,False,False,False,Dawn
SZTE/video/SZTEA201a.mov,00:21:32,00:22:25,00:00:53,15.0,Crouch Run,One Person,Perpendicular,TP,,2,None,False,False,False,Dawn
SZTE/video/SZTEA201a.mov,00:24:44,00:25:51,00:01:07,15.0,Walk,One Person,Perpendicular,TP,,2,None,False,False,False,Dawn
SZTE/video/SZTEA201a.mov,00:27:58,00:29:00,00:01:02,15.0,Walk,Two people,Perpendicular,TP,,2,None,False,False,False,Dawn
SZTE/video/SZTEA201a.mov,00:31:29,00:33:43,00:02:14,15.0,Creep walk,One Person,Diagonal,TP,,2,None,False,False,False,Dawn
SZTE/video/SZTEA201a.mov,00:35:52,00:36:21,00:00:29,30.0,Walk With Ladder,One Person,Perpendicular,TP,,2,None,False,False,False,Dawn
SZTE/video/SZTEA201a.mov,00:27:42,00:29:05,00:01:23,,,,,FP,,2,None,False,False,False,Dawn
SZTE/video/SZTEA201b.mov,00:07:45,00:09:16,00:01:31,15.0,Creep walk,One Person,Perpendicular,TP,,2,Overcast,False,False,False,Dusk
SZTE/video/SZTEA201b.mov,00:10:53,00:12:27,00:01:34,30.0,Creep walk,One Person,Perpendicular,TP,,2,Overcast,False,False,False,Dusk
SZTE/video/SZTEA201b.mov,00:13:56,00:14:55,00:00:59,30.0,Run,One Person,Diagonal,TP,,2,Overcast,False,False,False,Dusk
SZTE/video/SZTEA201b.mov,00:16:17,00:17:23,00:01:06,15.0,Run,One Person,Perpendicular,TP,,2,Overcast,False,False,False,Dusk
SZTE/video/SZTEA201b.mov,00:18:49,00:19:55,00:01:06,10.0,Crouch Run,One Person,Perpendicular,TP,,2,Overcast,False,False,False,Dusk
SZTE/video/SZTEA201b.mov,00:21:13,00:22:19,00:01:06,30.0,Crouch Run,One Person,Perpendicular,TP,,2,Overcast,False,False,False,Dusk
SZTE/video/SZTEA201b.mov,00:24:00,00:25:39,00:01:39,10.0,Walk,One Person,Perpendicular,TP,,2,Overcast,False,False,False,Dusk
SZTE/video/SZTEA201b.mov,00:26:50,00:27:43,00:00:53,10.0,Walk,Two people,Perpendicular,TP,,2,Overcast,False,False,False,Dusk
SZTE/video/SZTEA201b.mov,00:29:06,00:30:58,00:01:52,10.0,Creep walk,One Person,Perpendicular,TP,,2,Overcast,False,False,False,Dusk
SZTE/video/SZTEA201b.mov,00:32:27,00:33:55,00:01:28,15.0,Body Drag,One Person,Perpendicular,TP,,2,Overcast,False,False,False,Dusk
SZTE/video/SZTEA201b.mov,00:35:31,00:36:49,00:01:18,15.0,Walk,One Person,Diagonal,TP,,2,Overcast,False,False,False,Dusk
SZTE/video/SZTEA201b.mov,00:38:30,00:39:27,00:00:57,30.0,Walk,One Person,Perpendicular,TP,,2,Overcast,False,False,False,Dusk
SZTE/video/SZTEA201b.mov,00:41:49,00:42:58,00:01:09,30.0,Walk,Two people,Perpendicular,TP,,2,Overcast,False,False,False,Dusk
SZTE/video/SZTEA201b.mov,00:45:50,00:46:59,00:01:09,10.0,Crawl,One Person,Perpendicular,TP,,2,Overcast,False,False,False,Dusk
SZTE/video/SZTEA201b.mov,00:48:48,00:49:30,00:00:42,15.0,Walk With Ladder,One Person,Perpendicular,TP,,2,Overcast,False,False,False,Dusk
SZTE/video/SZTEA201b.mov,00:40:43,00:41:08,00:00:25,,,,,FP,Bats,2,Overcast,False,False,False,Dusk
SZTE/video/SZTEA201b.mov,00:44:57,00:47:17,00:02:20,,,,,FP,,2,Overcast,False,False,False,Dusk
SZTE/video/SZTEA202a.mov,00:05:01,00:06:08,00:01:07,30.0,Crouch Walk,One Person,Perpendicular,TP,,2,None,False,False,False,Day
SZTE/video/SZTEA202a.mov,00:08:00,00:08:57,00:00:57,15.0,Crouch Run,One Person,Perpendicular,TP,,2,None,False,False,False,Day
SZTE/video/SZTEA202a.mov,00:11:16,00:12:05,00:00:49,30.0,Walk,One Person,Perpendicular,TP,,2,None,False,False,False,Day
SZTE/video/SZTEA202a.mov,00:13:50,00:14:44,00:00:54,30.0,Walk,Two people,Perpendicular,TP,,2,None,False,False,False,Day
SZTE/video/SZTEA202a.mov,00:16:06,00:17:08,00:01:02,10.0,Crouch Walk,One Person,Perpendicular,TP,,2,None,False,False,False,Day
SZTE/video/SZTEA202a.mov,00:18:58,00:19:57,00:00:59,30.0,Crawl,One Person,Perpendicular,TP,,2,None,False,False,False,Day
SZTE/video/SZTEA202a.mov,00:21:12,00:22:38,00:01:26,10.0,Body Drag,One Person,Perpendicular,TP,,2,None,False,False,False,Day
SZTE/video/SZTEA202a.mov,00:23:48,00:24:43,00:00:55,10.0,Run,One Person,Perpendicular,TP,,2,None,False,False,False,Day
SZTE/video/SZTEA202a.mov,00:26:21,00:28:28,00:02:07,30.0,Creep walk,One Person,Diagonal,TP,,2,None,False,False,False,Day
SZTE/video/SZTEA202a.mov,00:29:43,00:30:47,00:01:04,10.0,Log Roll,One Person,Perpendicular,TP,,2,None,False,False,False,Day
SZTE/video/SZTEA202a.mov,00:31:57,00:32:40,00:00:43,30.0,Run,One Person,Perpendicular,TP,,2,None,False,False,False,Day
SZTE/video/SZTEA202a.mov,00:34:04,00:34:54,00:00:50,30.0,Crouch Run,One Person,Perpendicular,TP,,2,None,False,False,False,Day
SZTE/video/SZTEA202a.mov,00:36:15,00:36:37,00:00:22,10.0,Walk With Ladder,One Person,Perpendicular,TP,,2,None,False,False,False,Day
SZTE/video/SZTEA202a.mov,00:15:25,00:17:36,00:02:11,,,,,FP,,2,None,False,False,False,Day
SZTE/video/SZTEA202b.mov,00:05:16,00:06:25,00:01:09,15.0,Walk,One Person,Diagonal,TP,,2,Some,False,False,False,Day
SZTE/video/SZTEA202b.mov,00:08:07,00:09:26,00:01:19,30.0,Creep walk,One Person,Perpendicular,TP,,2,Some,False,False,False,Day
SZTE/video/SZTEA202b.mov,00:10:41,00:12:01,00:01:20,15.0,Body Drag,One Person,Perpendicular,TP,,2,Some,False,False,False,Day
SZTE/video/SZTEA202b.mov,00:13:14,00:14:09,00:00:55,10.0,Run,One Person,Perpendicular,TP,,2,Some,False,False,False,Day
SZTE/video/SZTEA202b.mov,00:15:26,00:16:10,00:00:44,10.0,Crouch Run,One Person,Perpendicular,TP,,2,Some,False,False,False,Day
SZTE/video/SZTEA202b.mov,00:17:52,00:18:45,00:00:53,10.0,Walk,One Person,Perpendicular,TP,,2,Some,False,False,False,Day
SZTE/video/SZTEA202b.mov,00:20:12,00:21:21,00:01:09,10.0,Walk,Two people,Perpendicular,TP,,2,Some,False,False,False,Day
SZTE/video/SZTEA202b.mov,00:22:54,00:24:14,00:01:20,15.0,Creep walk,One Person,Perpendicular,TP,,2,Some,False,False,False,Day
SZTE/video/SZTEA202b.mov,00:25:38,00:26:28,00:00:50,30.0,Run,One Person,Perpendicular,TP,,2,Some,False,False,False,Day
SZTE/video/SZTEA202b.mov,00:28:32,00:29:21,00:00:49,15.0,Walk,One Person,Perpendicular,TP,,2,Some,False,False,False,Day
SZTE/video/SZTEA202b.mov,00:30:49,00:31:39,00:00:50,15.0,Walk,Two people,Perpendicular,TP,,2,Some,False,False,False,Day
SZTE/video/SZTEA202b.mov,00:33:01,00:34:00,00:00:59,10.0,Crouch Walk,One Person,Perpendicular,TP,,2,Some,False,False,False,Day
SZTE/video/SZTEA202b.mov,00:35:30,00:36:43,00:01:13,10.0,Crawl,One Person,Perpendicular,TP,,2,Some,False,False,False,Day
SZTE/video/SZTEA202b.mov,00:38:08,00:39:15,00:01:07,30.0,Crawl,One Person,Perpendicular,TP,,2,Some,False,False,False,Day
SZTE/video/SZTEA202b.mov,00:40:44,00:41:41,00:00:57,30.0,Log Roll,One Person,Perpendicular,TP,,2,Some,False,False,False,Day
SZTE/video/SZTEA202b.mov,00:43:09,00:43:56,00:00:47,15.0,Run,One Person,Perpendicular,TP,,2,Some,False,False,False,Day
SZTE/video/SZTEA202b.mov,00:45:20,00:45:38,00:00:18,30.0,Walk With Ladder,One Person,Perpendicular,TP,,2,Some,False,False,False,Day
SZTE/video/SZTEA202b.mov,00:35:14,00:37:42,00:02:28,,,,,FP,,2,Some,False,False,False,Day
SZTE/video/SZTEA203a.mov,00:06:14,00:07:16,00:01:02,15.0,Walk,One Person,Perpendicular,TP,,2,Some,False,False,False,Day
SZTE/video/SZTEA203a.mov,00:08:42,00:09:36,00:00:54,15.0,Walk,Two people,Perpendicular,TP,,2,Some,False,False,False,Day
SZTE/video/SZTEA203a.mov,00:11:18,00:12:15,00:00:57,30.0,Run,One Person,Diagonal,TP,,2,Some,False,False,False,Day
SZTE/video/SZTEA203a.mov,00:13:34,00:14:24,00:00:50,15.0,Run,One Person,Perpendicular,TP,,2,Some,False,False,False,Day
SZTE/video/SZTEA203a.mov,00:16:15,00:17:21,00:01:06,10.0,Walk,One Person,Perpendicular,TP,,2,Some,False,False,False,Day
SZTE/video/SZTEA203a.mov,00:18:33,00:19:39,00:01:06,10.0,Walk,Two people,Perpendicular,TP,,2,Some,False,False,False,Day
SZTE/video/SZTEA203a.mov,00:21:25,00:22:29,00:01:04,30.0,Creep walk,One Person,Perpendicular,TP,,2,Some,False,False,False,Day
SZTE/video/SZTEA203a.mov,00:23:52,00:24:46,00:00:54,30.0,Run,One Person,Perpendicular,TP,,2,Some,False,False,False,Day
SZTE/video/SZTEA203a.mov,00:26:06,00:27:08,00:01:02,10.0,Crouch Run,One Person,Perpendicular,TP,,2,Some,False,False,False,Day
SZTE/video/SZTEA203a.mov,00:28:48,00:29:53,00:01:05,15.0,Walk,One Person,Diagonal,TP,,2,Some,False,False,False,Day
SZTE/video/SZTEA203a.mov,00:31:43,00:32:50,00:01:07,10.0,Creep walk,One Person,Perpendicular,TP,,2,Some,False,False,False,Day
SZTE/video/SZTEA203a.mov,00:34:03,00:35:08,00:01:05,15.0,Crouch Walk,One Person,Diagonal,TP,,2,Some,False,False,False,Day
SZTE/video/SZTEA203a.mov,00:36:37,00:37:46,00:01:09,15.0,Crawl,One Person,Perpendicular,TP,,2,Some,False,False,False,Day
SZTE/video/SZTEA203a.mov,00:39:42,00:40:55,00:01:13,30.0,Body Drag,One Person,Perpendicular,TP,,2,Some,False,False,False,Day
SZTE/video/SZTEA203a.mov,00:42:05,00:43:02,00:00:57,10.0,Run,One Person,Perpendicular,TP,,2,Some,False,False,False,Day
SZTE/video/SZTEA203a.mov,00:44:22,00:45:11,00:00:49,30.0,Crouch Run,One Person,Perpendicular,TP,,2,Some,False,False,False,Day
SZTE/video/SZTEA203a.mov,00:46:41,00:47:10,00:00:29,30.0,Walk With Ladder,One Person,Perpendicular,TP,,2,Some,False,False,False,Day
SZTE/video/SZTEA203a.mov,00:27:32,00:28:02,00:00:30,,,,,FP,,2,Some,False,False,False,Day
SZTE/video/SZTEA204a.mov,00:07:06,00:08:03,00:00:57,15.0,Walk,One Person,Perpendicular,TP,,2,,False,False,False,Night
SZTE/video/SZTEA204a.mov,00:09:45,00:10:39,00:00:54,15.0,Walk,Two people,Perpendicular,TP,,2,,False,False,False,Night
SZTE/video/SZTEA204a.mov,00:12:54,00:14:22,00:01:28,30.0,Creep walk,One Person,Perpendicular,TP,,2,,False,False,False,Night
SZTE/video/SZTEA204a.mov,00:15:54,00:16:58,00:01:04,30.0,Crouch Walk,One Person,Perpendicular,TP,,2,,False,False,False,Night
SZTE/video/SZTEA204a.mov,00:18:41,00:19:59,00:01:18,10.0,Body Drag,One Person,Perpendicular,TP,,2,,False,False,False,Night
SZTE/video/SZTEA204a.mov,00:21:29,00:23:10,00:01:41,15.0,Body Drag,One Person,Perpendicular,TP,,2,,False,False,False,Night
SZTE/video/SZTEA204a.mov,00:25:07,00:26:23,00:01:16,30.0,Body Drag,One Person,Perpendicular,TP,,2,,False,False,False,Night
SZTE/video/SZTEA204a.mov,00:28:33,00:29:22,00:00:49,15.0,Run,One Person,Diagonal,TP,,2,,False,False,False,Night
SZTE/video/SZTEA204a.mov,00:30:54,00:31:51,00:00:57,15.0,Run,One Person,Perpendicular,TP,,2,,False,False,False,Night
SZTE/video/SZTEA204a.mov,00:33:15,00:34:12,00:00:57,10.0,Crouch Run,One Person,Perpendicular,TP,,2,,False,False,False,Night
SZTE/video/SZTEA204a.mov,00:35:29,00:36:28,00:00:59,30.0,Crouch Run,One Person,Perpendicular,TP,,2,,False,False,False,Night
SZTE/video/SZTEA204a.mov,00:37:57,00:38:50,00:00:53,10.0,Walk,One Person,Perpendicular,TP,,2,,False,False,False,Night
SZTE/video/SZTEA204a.mov,00:41:01,00:41:58,00:00:57,10.0,Walk,Two people,Perpendicular,TP,,2,,False,False,False,Night
SZTE/video/SZTEA204a.mov,00:43:28,00:45:04,00:01:36,10.0,Creep walk,One Person,Perpendicular,TP,,2,,False,False,False,Night
SZTE/video/SZTEA204a.mov,00:46:53,00:47:49,00:00:56,10.0,Crouch Walk,One Person,Perpendicular,TP,,2,,False,False,False,Night
SZTE/video/SZTEA204a.mov,00:49:35,00:50:33,00:00:58,30.0,Crouch Walk,One Person,Perpendicular,TP,,2,,False,False,False,Night
SZTE/video/SZTEA204a.mov,00:52:12,00:53:21,00:01:09,15.0,Crawl,One Person,Perpendicular,TP,,2,,False,False,False,Night
SZTE/video/SZTEA204a.mov,00:54:48,00:56:08,00:01:20,30.0,Crawl,One Person,Perpendicular,TP,,2,,False,False,False,Night
SZTE/video/SZTEA204a.mov,00:57:37,00:59:04,00:01:27,30.0,Log Roll,One Person,Perpendicular,TP,,2,,False,False,False,Night
SZTE/video/SZTEA204a.mov,01:00:41,01:01:53,00:01:12,30.0,Run,One Person,Perpendicular,TP,,2,,False,False,False,Night
SZTE/video/SZTEA204a.mov,01:03:22,01:04:25,00:01:03,10.0,Walk,One Person,Diagonal,TP,,2,,False,False,False,Night
SZTE/video/SZTEA204a.mov,01:06:08,01:07:16,00:01:08,30.0,Walk,One Person,Perpendicular,TP,,2,,False,False,False,Night
SZTE/video/SZTEA204a.mov,01:09:28,01:10:19,00:00:51,30.0,Walk,Two people,Perpendicular,TP,,2,,False,False,False,Night
SZTE/video/SZTEA204a.mov,01:13:00,01:14:42,00:01:42,10.0,Creep walk,One Person,Diagonal,TP,,2,,False,False,False,Night
SZTE/video/SZTEA204a.mov,01:16:10,01:17:42,00:01:32,15.0,Creep walk,One Person,Perpendicular,TP,,2,,False,False,False,Night
SZTE/video/SZTEA204a.mov,01:19:21,01:20:24,00:01:03,15.0,Crouch Walk,One Person,Perpendicular,TP,,2,,False,False,False,Night
SZTE/video/SZTEA204a.mov,01:21:56,01:23:04,00:01:08,10.0,Crawl,One Person,Perpendicular,TP,,2,,False,False,False,Night
SZTE/video/SZTEA204a.mov,01:24:45,01:25:54,00:01:09,10.0,Log Roll,One Person,Perpendicular,TP,,2,,False,False,False,Night
SZTE/video/SZTEA204a.mov,01:27:06,01:27:57,00:00:51,10.0,Run,One Person,Perpendicular,TP,,2,,False,False,False,Night
SZTE/video/SZTEA204a.mov,01:29:45,01:30:36,00:00:51,15.0,Crouch Run,One Person,Perpendicular,TP,,2,,False,False,False,Night
SZTE/video/SZTEA204a.mov,01:31:46,01:32:12,00:00:26,15.0,Walk With Ladder,One Person,Perpendicular,TP,,2,,False,False,False,Night
SZTE/video/SZTEA204a.mov,01:26:20,01:26:40,00:00:20,,,,,FP,Bats,2,,False,False,False,Night
SZTE/video/SZTEA204a.mov,01:11:20,01:11:44,00:00:24,,,,,FP,,2,,False,False,False,Night
SZTE/video/SZTEA204a.mov,00:54:25,00:56:37,00:02:12,,,,,FP,,2,,False,False,False,Night
SZTE/video/SZTEA204a.mov,00:02:24,00:04:11,00:01:47,,,,,FP,,2,,False,False,False,Night
SZTE/video/SZTEA204a.mov,00:01:18,00:02:09,00:00:51,,,,,FP,,2,,False,False,False,Night
SZTE/video/SZTEA204a.mov,00:05:10,00:06:57,00:01:47,,,,,FP,,2,,False,False,False,Night
SZTE/video/SZTEN101a.mov,00:08:14,00:08:35,00:00:21,,,,,FP,Bag,1,Overcast,False,False,False,Day
SZTE/video/SZTEN101a.mov,00:07:17,00:08:27,00:01:10,,,,,FP,Squirrel,1,Overcast,False,False,False,Day
SZTE/video/SZTEN101a.mov,00:04:59,00:06:55,00:01:56,,,,,FP,,1,Overcast,False,False,False,Day
SZTE/video/SZTEN101b.mov,00:01:00,00:01:50,00:00:50,,,,,FP,Rabbits,1,None,False,False,False,Day
SZTE/video/SZTEN101b.mov,00:12:50,00:14:12,00:01:22,,,,,FP,Shadow through fence,1,None,False,False,False,Day
SZTE/video/SZTEN101b.mov,00:22:32,00:22:32,00:01:23,,,,,FP,Shadow through fence,1,None,False,False,False,Day
SZTE/video/SZTEN101b.mov,00:02:01,00:03:31,00:01:30,,,,,FP,,1,None,False,False,False,Day
SZTE/video/SZTEN101b.mov,00:05:13,00:06:51,00:01:38,,,,,FP,,1,None,False,False,False,Day
SZTE/video/SZTEN101c.mov,00:01:52,00:01:52,00:00:28,,,,,FP,Rabbits,1,None,False,False,False,Dusk
SZTE/video/SZTEN101c.mov,00:25:03,00:25:15,00:00:12,,,,,FP,Camera switch from colour to monochrome,1,None,False,False,False,Dusk
SZTE/video/SZTEN101c.mov,00:07:26,00:09:44,00:02:18,,,,,FP,,1,None,False,False,False,Dusk
SZTE/video/SZTEN101d.mov,00:04:18,00:04:18,00:01:29,,,,,FP,Rabbits,1,None,False,False,False,Dawn
SZTE/video/SZTEN101d.mov,00:14:04,00:14:04,00:00:33,,,,,FP,Rabbits,1,None,False,False,False,Dawn
SZTE/video/SZTEN101d.mov,00:24:23,00:25:36,00:01:13,,,,,FP,Birds,1,None,False,False,False,Dawn
SZTE/video/SZTEN101d.mov,00:26:46,00:27:06,00:00:20,,,,,FP,,1,None,False,False,False,Dawn
SZTE/video/SZTEN101d.mov,00:05:46,00:06:52,00:01:06,,,,,FP,,1,None,False,False,False,Dawn
SZTE/video/SZTEN101d.mov,00:03:50,00:05:55,00:02:05,,,,,FP,,1,None,False,False,False,Dawn
SZTE/video/SZTEN101d.mov,00:09:31,00:10:31,00:01:00,,,,,FP,,1,None,False,False,False,Dawn
SZTE/video/SZTEN101d.mov,00:12:27,00:13:29,00:01:02,,,,,FP,,1,None,False,False,False,Dawn
SZTE/video/SZTEN101d.mov,00:02:36,00:02:56,00:00:20,,,,,FP,,1,None,False,False,False,Dawn
SZTE/video/SZTEN102a.mov,00:00:00,00:02:21,00:02:21,,,,,FP,Birds,1,Some,False,False,False,Day
SZTE/video/SZTEN102a.mov,00:07:53,00:07:53,00:00:36,,,,,FP,Birds,1,Some,False,False,False,Day
SZTE/video/SZTEN102a.mov,00:19:35,00:20:39,00:01:04,,,,,FP,Birds,1,Some,False,False,False,Day
SZTE/video/SZTEN102a.mov,00:27:24,00:28:25,00:01:01,,,,,FP,Birds,1,Some,False,False,False,Day
SZTE/video/SZTEN102a.mov,00:34:11,00:35:49,00:01:38,,,,,FP,,1,Some,False,False,False,Day
SZTE/video/SZTEN102a.mov,00:32:46,00:35:14,00:02:28,,,,,FP,,1,Some,False,False,False,Day
SZTE/video/SZTEN102a.mov,00:09:48,00:11:02,00:01:14,,,,,FP,,1,Some,False,False,False,Day
SZTE/video/SZTEN102a.mov,00:14:15,00:15:58,00:01:43,,,,,FP,,1,Some,False,False,False,Day
SZTE/video/SZTEN102a.mov,00:24:53,00:26:59,00:02:06,,,,,FP,,1,Some,False,False,False,Day
SZTE/video/SZTEN102b.mov,00:11:05,00:12:25,00:01:20,,,,,FP,Birds,1,Overcast,False,True,False,Day
SZTE/video/SZTEN102b.mov,00:24:25,00:26:12,00:01:47,,,,,FP,,1,Overcast,False,True,False,Day
SZTE/video/SZTEN102b.mov,00:17:15,00:18:11,00:00:56,,,,,FP,,1,Overcast,False,True,False,Day
SZTE/video/SZTEN102b.mov,00:07:05,00:07:24,00:00:19,,,,,FP,,1,Overcast,False,True,False,Day
SZTE/video/SZTEN102b.mov,00:26:28,00:27:24,00:00:56,,,,,FP,,1,Overcast,False,True,False,Day
SZTE/video/SZTEN102c.mov,00:06:05,00:08:16,00:02:11,,,,,FP,,1,Overcast,False,False,True,Day
SZTE/video/SZTEN102c.mov,00:00:31,00:01:01,00:00:30,,,,,FP,,1,Overcast,False,False,True,Day
SZTE/video/SZTEN102d.mov,00:00:31,00:00:37,00:00:06,,,,,FP,Foxes,1,Overcast,False,False,False,Dusk
SZTE/video/SZTEN102d.mov,00:01:54,00:02:08,00:00:14,,,,,FP,Camera switch from colour to monochrome,1,Overcast,False,False,False,Dusk
SZTE/video/SZTEN102d.mov,00:03:30,00:03:44,00:00:14,,,,,FP,Rabbits,1,Overcast,False,False,False,Dusk
SZTE/video/SZTEN102d.mov,00:12:09,00:12:36,00:00:27,,,,,FP,,1,Overcast,False,False,False,Dusk
SZTE/video/SZTEN102d.mov,00:08:32,00:10:13,00:01:41,,,,,FP,,1,Overcast,False,False,False,Dusk
SZTE/video/SZTEN102d.mov,00:07:49,00:08:10,00:00:21,,,,,FP,,1,Overcast,False,False,False,Dusk
SZTE/video/SZTEN102d.mov,00:05:54,00:06:50,00:00:56,,,,,FP,,1,Overcast,False,False,False,Dusk
SZTE/video/SZTEN102d.mov,00:04:15,00:05:49,00:01:34,,,,,FP,,1,Overcast,False,False,False,Dusk
SZTE/video/SZTEN102d.mov,00:11:35,00:12:05,00:00:30,,,,,FP,,1,Overcast,False,False,False,Dusk
SZTE/video/SZTEN103a.mov,00:29:26,00:30:04,00:00:38,,,,,FP,,1,,False,False,False,Night
SZTE/video/SZTEN103a.mov,00:13:57,00:14:41,00:00:44,,,,,FP,,1,,False,False,False,Night
SZTE/video/SZTEN103a.mov,00:10:39,00:11:08,00:00:29,,,,,FP,,1,,False,False,False,Night
SZTE/video/SZTEN103b.mov,00:25:25,00:27:25,00:02:00,,,,,FP,,1,Overcast,False,False,False,Day
SZTE/video/SZTEN103b.mov,00:23:30,00:24:56,00:01:26,,,,,FP,,1,Overcast,False,False,False,Day
SZTE/video/SZTEN103b.mov,00:11:17,00:11:56,00:00:39,,,,,FP,,1,Overcast,False,False,False,Day
SZTE/video/SZTEN103b.mov,00:16:16,00:17:58,00:01:42,,,,,FP,,1,Overcast,False,False,False,Day
SZTE/video/SZTEN201a.mov,00:09:24,00:09:56,00:00:32,,,,,FP,Bag,2,Overcast,False,False,False,Day
SZTE/video/SZTEN201a.mov,00:11:48,00:12:10,00:00:22,,,,,FP,Bag,2,Overcast,False,False,False,Day
SZTE/video/SZTEN201a.mov,00:07:42,00:09:10,00:01:28,,,,,FP,,2,Overcast,False,False,False,Day
SZTE/video/SZTEN201a.mov,00:05:41,00:06:58,00:01:17,,,,,FP,,2,Overcast,False,False,False,Day
SZTE/video/SZTEN201a.mov,00:08:03,00:10:26,00:02:23,,,,,FP,,2,Overcast,False,False,False,Day
SZTE/video/SZTEN201a.mov,00:11:22,00:13:48,00:02:26,,,,,FP,,2,Overcast,False,False,False,Day
SZTE/video/SZTEN201a.mov,00:01:49,00:02:47,00:00:58,,,,,FP,,2,Overcast,False,False,False,Day
SZTE/video/SZTEN201b.mov,00:12:30,00:14:15,00:01:45,,,,,FP,Shadow through fence,2,None,False,False,False,Day
SZTE/video/SZTEN201b.mov,00:22:32,00:24:24,00:01:52,,,,,FP,Shadow through fence,2,None,False,False,False,Day
SZTE/video/SZTEN201b.mov,00:24:44,00:26:52,00:02:08,,,,,FP,,2,None,False,False,False,Day
SZTE/video/SZTEN201b.mov,00:10:27,00:12:28,00:02:01,,,,,FP,,2,None,False,False,False,Day
SZTE/video/SZTEN201b.mov,00:18:37,00:20:23,00:01:46,,,,,FP,,2,None,False,False,False,Day
SZTE/video/SZTEN201c.mov,00:15:31,00:15:31,00:02:01,,,,,FP,Rabbits,2,None,False,False,False,Dusk
SZTE/video/SZTEN201c.mov,00:25:40,00:26:32,00:00:52,,,,,FP,,2,None,False,False,False,Dusk
SZTE/video/SZTEN201c.mov,00:21:02,00:22:19,00:01:17,,,,,FP,,2,None,False,False,False,Dusk
SZTE/video/SZTEN201c.mov,00:03:34,00:05:41,00:02:07,,,,,FP,,2,None,False,False,False,Dusk
SZTE/video/SZTEN201c.mov,00:12:09,00:14:22,00:02:13,,,,,FP,,2,None,False,False,False,Dusk
SZTE/video/SZTEN201c.mov,00:12:00,00:14:23,00:02:23,,,,,FP,,2,None,False,False,False,Dusk
SZTE/video/SZTEN201c.mov,00:18:17,00:20:00,00:01:43,,,,,FP,,2,None,False,False,False,Dusk
SZTE/video/SZTEN201d.mov,00:04:21,00:04:21,00:00:58,,,,,FP,Rabbits,2,None,False,False,False,Dawn
SZTE/video/SZTEN201d.mov,00:08:20,00:09:01,00:00:41,,,,,FP,Foxes,2,None,False,False,False,Dawn
SZTE/video/SZTEN201d.mov,00:05:33,00:06:18,00:00:45,,,,,FP,,2,None,False,False,False,Dawn
SZTE/video/SZTEN201d.mov,00:18:29,00:19:47,00:01:18,,,,,FP,,2,None,False,False,False,Dawn
SZTE/video/SZTEN201d.mov,00:05:14,00:07:26,00:02:12,,,,,FP,,2,None,False,False,False,Dawn
SZTE/video/SZTEN201d.mov,00:00:16,00:02:09,00:01:53,,,,,FP,,2,None,False,False,False,Dawn
SZTE/video/SZTEN201d.mov,00:02:54,00:05:03,00:02:09,,,,,FP,,2,None,False,False,False,Dawn
SZTE/video/SZTEN201d.mov,00:11:06,00:12:16,00:01:10,,,,,FP,,2,None,False,False,False,Dawn
SZTE/video/SZTEN201d.mov,00:11:42,00:13:42,00:02:00,,,,,FP,,2,None,False,False,False,Dawn
SZTE/video/SZTEN201e.mov,00:05:17,00:06:10,00:00:53,,,,,FP,,2,,False,False,False,Night
SZTE/video/SZTEN201e.mov,00:02:57,00:03:53,00:00:56,,,,,FP,,2,,False,False,False,Night
SZTE/video/SZTEN201e.mov,00:08:00,00:09:01,00:01:01,,,,,FP,,2,,False,False,False,Night
SZTE/video/SZTEN202a.mov,00:06:02,00:06:02,00:02:00,,,,,FP,Birds,2,Some,False,False,False,Day
SZTE/video/SZTEN202a.mov,00:18:45,00:20:40,00:01:55,,,,,FP,,2,Some,False,False,False,Day
SZTE/video/SZTEN202a.mov,00:10:10,00:12:25,00:02:15,,,,,FP,,2,Some,False,False,False,Day
SZTE/video/SZTEN202a.mov,00:00:48,00:03:14,00:02:26,,,,,FP,,2,Some,False,False,False,Day
SZTE/video/SZTEN202a.mov,00:28:02,00:30:30,00:02:28,,,,,FP,,2,Some,False,False,False,Day
SZTE/video/SZTEN202a.mov,00:00:36,00:02:10,00:01:34,,,,,FP,,2,Some,False,False,False,Day
SZTE/video/SZTEN202a.mov,00:26:03,00:26:55,00:00:52,,,,,FP,,2,Some,False,False,False,Day
SZTE/video/SZTEN202a.mov,00:35:44,00:37:46,00:02:02,,,,,FP,,2,Some,False,False,False,Day
SZTE/video/SZTEN202a.mov,00:14:55,00:16:04,00:01:09,,,,,FP,,2,Some,False,False,False,Day
SZTE/video/SZTEN202b.mov,00:20:49,00:20:49,00:01:28,,,,,FP,Birds,2,Overcast,False,True,False,Day
SZTE/video/SZTEN202b.mov,00:27:33,00:28:29,00:00:56,,,,,FP,,2,Overcast,False,True,False,Day
SZTE/video/SZTEN202b.mov,00:05:53,00:08:09,00:02:16,,,,,FP,,2,Overcast,False,True,False,Day
SZTE/video/SZTEN202b.mov,00:23:11,00:24:29,00:01:18,,,,,FP,,2,Overcast,False,True,False,Day
SZTE/video/SZTEN202b.mov,00:17:14,00:18:58,00:01:44,,,,,FP,,2,Overcast,False,True,False,Day
SZTE/video/SZTEN202b.mov,00:12:36,00:14:39,00:02:03,,,,,FP,,2,Overcast,False,True,False,Day
SZTE/video/SZTEN202c.mov,00:09:24,00:09:24,00:01:02,,,,,FP,Birds,2,Overcast,False,False,True,Day
SZTE/video/SZTEN202c.mov,00:15:18,00:15:39,00:00:21,,,,,FP,Insect on camera,2,Overcast,False,False,True,Day
SZTE/video/SZTEN202c.mov,00:14:55,00:15:45,00:00:50,,,,,FP,,2,Overcast,False,False,True,Day
SZTE/video/SZTEN202c.mov,00:05:05,00:06:33,00:01:28,,,,,FP,,2,Overcast,False,False,True,Day
SZTE/video/SZTEN202c.mov,00:00:12,00:00:55,00:00:43,,,,,FP,,2,Overcast,False,False,True,Day
SZTE/video/SZTEN202c.mov,00:00:56,00:01:24,00:00:28,,,,,FP,,2,Overcast,False,False,True,Day
SZTE/video/SZTEN202c.mov,00:10:02,00:11:45,00:01:43,,,,,FP,,2,Overcast,False,False,True,Day
SZTE/video/SZTEN202c.mov,00:01:45,00:03:48,00:02:03,,,,,FP,,2,Overcast,False,False,True,Day
SZTE/video/SZTEN202d.mov,00:19:50,00:20:18,00:00:28,,,,,FP,Foxes,2,,False,False,False,Night
SZTE/video/SZTEN202d.mov,00:10:34,00:12:30,00:01:56,,,,,FP,,2,,False,False,False,Night
SZTE/video/SZTEN202d.mov,00:07:28,00:08:42,00:01:14,,,,,FP,,2,,False,False,False,Night
SZTE/video/SZTEN202d.mov,00:10:10,00:11:50,00:01:40,,,,,FP,,2,,False,False,False,Night
SZTE/video/SZTEN202d.mov,00:23:07,00:23:30,00:00:23,,,,,FP,,2,,False,False,False,Night
SZTE/video/SZTEN203a.mov,00:03:33,00:04:18,00:00:45,,,,,FP,,2,,False,False,False,Night
SZTE/video/SZTEN203a.mov,00:29:30,00:31:26,00:01:56,,,,,FP,,2,,False,False,False,Night
SZTE/video/SZTEN203a.mov,00:34:48,00:37:09,00:02:21,,,,,FP,,2,,False,False,False,Night
SZTE/video/SZTEN203a.mov,00:16:13,00:18:27,00:02:14,,,,,FP,,2,,False,False,False,Night
SZTE/video/SZTEN203a.mov,00:18:46,00:19:15,00:00:29,,,,,FP,,2,,False,False,False,Night
SZTE/video/SZTEN203a.mov,00:12:12,00:14:34,00:02:22,,,,,FP,,2,,False,False,False,Night
SZTR/video/SZTRA101a01.mov,00:08:50,00:09:49,00:00:59,15.0,Walk,One person,Perpendicular,TP,,1,,False,False,False,Night
SZTR/video/SZTRA101a01.mov,00:03:59,00:05:31,00:01:32,,,,,FP,,1,,False,False,False,Night
SZTR/video/SZTRA101a02.mov,00:01:38,00:02:48,00:01:10,15.0,Walk,Two People,Perpendicular,TP,,1,,False,False,False,Night
SZTR/video/SZTRA101a02.mov,00:01:04,00:01:30,00:00:26,,,,,FP,,1,,False,False,False,Night
SZTR/video/SZTRA101a02.mov,00:00:42,00:02:50,00:02:08,,,,,FP,,1,,False,False,False,Night
SZTR/video/SZTRA101a02.mov,00:00:02,00:00:25,00:00:23,,,,,FP,,1,,False,False,False,Night
SZTR/video/SZTRA101a03.mov,00:01:25,00:02:42,00:01:17,30.0,Creep Walk,One person,Perpendicular,TP,,1,,False,False,False,Night
SZTR/video/SZTRA101a03.mov,00:01:02,00:03:10,00:02:08,,,,,FP,,1,,False,False,False,Night
SZTR/video/SZTRA101a04.mov,00:00:18,00:01:31,00:01:13,30.0,Crouch Walk,One person,Perpendicular,TP,,1,,False,False,False,Night
SZTR/video/SZTRA101a05.mov,00:00:07,00:01:09,00:01:02,10.0,Crouch Walk,One person,Perpendicular,TP,,1,,False,False,False,Night
SZTR/video/SZTRA101a05.mov,00:01:12,00:01:38,00:00:26,,,,,FP,,1,,False,False,False,Night
SZTR/video/SZTRA101a06.mov,00:00:03,00:01:18,00:01:15,15.0,Crawl,One person,,TP,,1,,False,False,False,Night
SZTR/video/SZTRA101a07.mov,00:00:19,00:01:36,00:01:17,10.0,Crawl,One person,Perpendicular,TP,,1,,False,False,False,Night
SZTR/video/SZTRA101a08.mov,00:00:04,00:01:02,00:00:58,10.0,Log Roll,One person,Perpendicular,TP,,1,,False,False,False,Night
SZTR/video/SZTRA101a09.mov,00:00:01,00:00:48,00:00:47,10.0,Run,One person,Diagonal,TP,,1,,False,False,False,Night
SZTR/video/SZTRA101a10.mov,00:00:15,00:01:19,00:01:04,15.0,Run,One person,Perpendicular,TP,,1,,False,False,False,Night
SZTR/video/SZTRA101a10.mov,00:00:07,00:02:24,00:02:17,,,,,FP,,1,,False,False,False,Night
SZTR/video/SZTRA101a11.mov,00:00:16,00:01:34,00:01:18,15.0,Walk,One person,Diagonal,TP,,1,,False,False,False,Night
SZTR/video/SZTRA101a11.mov,00:00:04,00:01:53,00:01:49,,,,,FP,,1,,False,False,False,Night
SZTR/video/SZTRA101a12.mov,00:00:21,00:01:29,00:01:08,10.0,Walk,One person,Perpendicular,TP,,1,,False,False,False,Night
SZTR/video/SZTRA101a12.mov,00:01:43,00:02:38,00:00:55,,,,,FP,,1,,False,False,False,Night
SZTR/video/SZTRA101a13.mov,00:00:25,00:01:32,00:01:07,10.0,Walk,Two People,Perpendicular,TP,,1,,False,False,False,Night
SZTR/video/SZTRA101a13.mov,00:00:17,00:01:33,00:01:16,,,,,FP,,1,,False,False,False,Night
SZTR/video/SZTRA101a13.mov,00:01:46,00:03:03,00:01:17,,,,,FP,,1,,False,False,False,Night
SZTR/video/SZTRA101a14.mov,00:00:09,00:01:37,00:01:28,10.0,Creep Walk,One person,Perpendicular,TP,,1,,False,False,False,Night
SZTR/video/SZTRA101a15.mov,00:00:15,00:01:34,00:01:19,30.0,Crouch Walk,One person,Diagonal,TP,,1,,False,False,False,Night
SZTR/video/SZTRA101a16.mov,00:00:20,00:01:45,00:01:25,30.0,Body Drag,One person,Perpendicular,TP,,1,,False,False,False,Night
SZTR/video/SZTRA101a16.mov,00:00:14,00:02:31,00:02:17,,,,,FP,,1,,False,False,False,Night
SZTR/video/SZTRA101a17.mov,00:00:10,00:01:26,00:01:16,15.0,Body Drag,One person,Perpendicular,TP,,1,,False,False,False,Night
SZTR/video/SZTRA101a17.mov,00:02:22,00:02:52,00:00:30,,,,,FP,,1,,False,False,False,Night
SZTR/video/SZTRA101a17.mov,00:01:44,00:03:13,00:01:29,,,,,FP,,1,,False,False,False,Night
SZTR/video/SZTRA101a17.mov,00:00:00,00:01:29,00:01:29,,,,,FP,,1,,False,False,False,Night
SZTR/video/SZTRA101a18.mov,00:00:12,00:01:30,00:01:18,10.0,Body Drag,One person,Perpendicular,TP,,1,,False,False,False,Night
SZTR/video/SZTRA101a19.mov,00:00:06,00:01:06,00:01:00,30.0,Run,One person,Perpendicular,TP,,1,,False,False,False,Night
SZTR/video/SZTRA101a19.mov,00:01:17,00:02:31,00:01:14,,,,,FP,,1,,False,False,False,Night
SZTR/video/SZTRA101a20.mov,00:00:03,00:01:11,00:01:08,30.0,Crouch Run,One person,Perpendicular,TP,,1,,False,False,False,Night
SZTR/video/SZTRA101a20.mov,00:01:54,00:02:25,00:00:31,,,,,FP,,1,,False,False,False,Night
SZTR/video/SZTRA101a21.mov,00:00:06,00:01:12,00:01:06,10.0,Crouch Run,One person,Perpendicular,TP,,1,,False,False,False,Night
SZTR/video/SZTRA101a21.mov,00:00:01,00:01:44,00:01:43,,,,,FP,,1,,False,False,False,Night
SZTR/video/SZTRA101a22.mov,00:01:11,00:02:06,00:00:55,30.0,Walk,One person,Perpendicular,TP,,1,,False,False,False,Night
SZTR/video/SZTRA101a22.mov,00:00:01,00:02:21,00:02:20,,,,,FP,,1,,False,False,False,Night
SZTR/video/SZTRA101a23.mov,00:01:10,00:01:59,00:00:49,30.0,Walk,Two People,Perpendicular,TP,,1,,False,False,False,Night
SZTR/video/SZTRA101a23.mov,00:00:00,00:00:19,00:00:19,,,,,FP,,1,,False,False,False,Night
SZTR/video/SZTRA101a24.mov,00:01:14,00:02:36,00:01:22,15.0,Creep Walk,One person,Diagonal,TP,,1,,False,False,False,Night
SZTR/video/SZTRA101a24.mov,00:00:55,00:02:49,00:01:54,,,,,FP,,1,,False,False,False,Night
SZTR/video/SZTRA101a25.mov,00:01:14,00:02:53,00:01:39,15.0,Creep Walk,One person,Perpendicular,TP,,1,,False,False,False,Night
SZTR/video/SZTRA101a25.mov,00:00:05,00:00:37,00:00:32,,,,,FP,,1,,False,False,False,Night
SZTR/video/SZTRA101a26.mov,00:01:18,00:02:19,00:01:01,15.0,Crouch Walk,One person,Perpendicular,TP,,1,,True,False,False,Night
SZTR/video/SZTRA101a26.mov,00:02:22,00:03:35,00:01:13,,,,,FP,,1,,True,False,False,Night
SZTR/video/SZTRA101a26.mov,00:01:16,00:03:10,00:01:54,,,,,FP,,1,,True,False,False,Night
SZTR/video/SZTRA101a27.mov,00:00:34,00:01:43,00:01:09,30.0,Crawl,One person,Perpendicular,TP,,1,,True,False,False,Night
SZTR/video/SZTRA101a27.mov,00:00:11,00:02:18,00:02:07,,,,,FP,,1,,True,False,False,Night
SZTR/video/SZTRA101a28.mov,00:00:58,00:02:05,00:01:07,30.0,Log Roll,One person,Perpendicular,TP,,1,,False,False,False,Night
SZTR/video/SZTRA101a29.mov,00:01:13,00:02:06,00:00:53,10.0,Run,One person,Perpendicular,TP,,1,,False,False,False,Night
SZTR/video/SZTRA101a29.mov,00:00:30,00:02:44,00:02:14,,,,,FP,,1,,False,False,False,Night
SZTR/video/SZTRA101a30.mov,00:00:54,00:01:48,00:00:54,15.0,Crouch Run,One person,Perpendicular,TP,,1,,False,False,False,Night
SZTR/video/SZTRA101a30.mov,00:00:29,00:02:11,00:01:42,,,,,FP,,1,,False,False,False,Night
SZTR/video/SZTRA101a31.mov,00:01:17,00:01:53,00:00:36,15.0,Walk With Ladder,One person,Perpendicular,TP,,1,,False,False,False,Night
SZTR/video/SZTRA102a01.mov,00:05:36,00:06:42,00:01:06,15.0,Walk,One person,Perpendicular,TP,,1,None,False,False,False,Dawn
SZTR/video/SZTRA102a01.mov,00:02:40,00:04:26,00:01:46,,,,,FP,,1,None,False,False,False,Dawn
SZTR/video/SZTRA102a01.mov,00:02:55,00:04:17,00:01:22,,,,,FP,,1,None,False,False,False,Dawn
SZTR/video/SZTRA102a01.mov,00:02:15,00:04:43,00:02:28,,,,,FP,,1,None,False,False,False,Dawn
SZTR/video/SZTRA102a01.mov,00:01:23,00:03:10,00:01:47,,,,,FP,,1,None,False,False,False,Dawn
SZTR/video/SZTRA102a02.mov,00:01:50,00:02:42,00:00:52,15.0,Walk,Two People,Perpendicular,TP,,1,None,False,False,False,Dawn
SZTR/video/SZTRA102a02.mov,00:00:02,00:00:46,00:00:44,,,,,FP,,1,None,False,False,False,Dawn
SZTR/video/SZTRA102a02.mov,00:01:45,00:02:59,00:01:14,,,,,FP,,1,None,False,False,False,Dawn
SZTR/video/SZTRA102a02.mov,00:01:36,00:03:29,00:01:53,,,,,FP,,1,None,False,False,False,Dawn
SZTR/video/SZTRA102a03.mov,00:00:11,00:01:24,00:01:13,30.0,Crouch Walk,One person,Perpendicular,TP,,1,None,False,False,False,Dawn
SZTR/video/SZTRA102a04.mov,00:00:09,00:01:08,00:00:59,15.0,Crawl,One person,Perpendicular,TP,,1,None,False,False,False,Dawn
SZTR/video/SZTRA102a04.mov,00:00:00,00:01:40,00:01:40,,,,,FP,,1,None,False,False,False,Dawn
SZTR/video/SZTRA102a05.mov,00:00:20,00:01:54,00:01:34,15.0,Creep Walk,One person,Perpendicular,TP,,1,None,False,False,False,Dawn
SZTR/video/SZTRA102a05.mov,00:00:15,00:02:04,00:01:49,,,,,FP,,1,None,False,False,False,Dawn
SZTR/video/SZTRA102a06.mov,00:00:54,00:01:45,00:00:51,10.0,Run,One person,Perpendicular,TP,,1,,False,False,False,Dawn
SZTR/video/SZTRA102a06.mov,00:00:21,00:02:27,00:02:06,,,,,FP,,1,,False,False,False,Dawn
SZTR/video/SZTRA102a07.mov,00:00:02,00:00:54,00:00:52,15.0,Run,One person,Perpendicular,TP,,1,,False,False,False,Dawn
SZTR/video/SZTRA102a07.mov,00:00:58,00:01:47,00:00:49,,,,,FP,,1,,False,False,False,Dawn
SZTR/video/SZTRA102a08.mov,00:00:17,00:02:21,00:02:04,10.0,Creep Walk,One person,Diagonal,TP,,1,,False,False,False,Dawn
SZTR/video/SZTRA102a09.mov,00:00:09,00:00:54,00:00:45,30.0,Run,One person,Perpendicular,TP,,1,,False,False,False,Dawn
SZTR/video/SZTRA102a09.mov,00:00:00,00:02:05,00:02:05,,,,,FP,,1,,False,False,False,Dawn
SZTR/video/SZTRA102a10.mov,00:00:12,00:00:58,00:00:46,10.0,Walk With Ladder,One person,Perpendicular,TP,,1,,False,False,False,Dawn
SZTR/video/SZTRA102b01.mov,00:04:58,00:06:03,00:01:05,10.0,Walk,One person,Perpendicular,TP,,1,None,False,False,False,Day
SZTR/video/SZTRA102b01.mov,00:00:50,00:02:03,00:01:13,,,,,FP,,1,None,False,False,False,Day
SZTR/video/SZTRA102b01.mov,00:02:05,00:03:13,00:01:08,,,,,FP,,1,None,False,False,False,Day
SZTR/video/SZTRA102b02.mov,00:00:17,00:01:18,00:01:01,10.0,Walk,Two People,Perpendicular,TP,,1,None,False,False,False,Day
SZTR/video/SZTRA102b02.mov,00:00:15,00:02:24,00:02:09,,,,,FP,,1,None,False,False,False,Day
SZTR/video/SZTRA102b03.mov,00:00:14,00:01:03,00:00:49,10.0,Crouch Walk,One person,Perpendicular,TP,,1,None,False,False,False,Day
SZTR/video/SZTRA102b03.mov,00:00:04,00:01:39,00:01:35,,,,,FP,,1,None,False,False,False,Day
SZTR/video/SZTRA102b04.mov,00:00:22,00:01:11,00:00:49,30.0,Run,One person,Perpendicular,TP,,1,None,False,False,False,Day
SZTR/video/SZTRA102b04.mov,00:00:02,00:02:19,00:02:17,,,,,FP,,1,None,False,False,False,Day
SZTR/video/SZTRA102b04.mov,00:00:05,00:01:44,00:01:39,,,,,FP,,1,None,False,False,False,Day
SZTR/video/SZTRA102b05.mov,00:00:06,00:01:07,00:01:01,15.0,Crouch Run,One person,Perpendicular,TP,,1,None,False,False,False,Day
SZTR/video/SZTRA102b06.mov,00:00:02,00:00:54,00:00:52,30.0,Crouch Walk,One person,Perpendicular,TP,,1,None,False,False,False,Day
SZTR/video/SZTRA102b06.mov,00:00:01,00:01:00,00:00:59,,,,,FP,,1,None,False,False,False,Day
SZTR/video/SZTRA102b07.mov,00:00:49,00:01:53,00:01:04,10.0,Crawl,One person,Perpendicular,TP,,1,None,False,False,False,Day
SZTR/video/SZTRA102b07.mov,00:00:44,00:02:37,00:01:53,,,,,FP,,1,None,False,False,False,Day
SZTR/video/SZTRA102b08.mov,00:00:07,00:01:35,00:01:28,30.0,Body Drag,One person,Perpendicular,TP,,1,None,False,False,False,Day
SZTR/video/SZTRA102b09.mov,00:00:06,00:00:51,00:00:45,10.0,Run,One person,Perpendicular,TP,,1,None,False,False,False,Day
SZTR/video/SZTRA102b09.mov,00:00:00,00:01:38,00:01:38,,,,,FP,,1,None,False,False,False,Day
SZTR/video/SZTRA102b09.mov,00:01:53,00:02:21,00:00:28,,,,,FP,,1,None,False,False,False,Day
SZTR/video/SZTRA102b10.mov,00:00:09,00:02:17,00:02:08,30.0,Creep Walk,One person,Diagonal,TP,,1,None,False,False,False,Day
SZTR/video/SZTRA102b11.mov,00:00:12,00:01:04,00:00:52,30.0,Log Roll,One person,Perpendicular,TP,,1,None,False,False,False,Day
SZTR/video/SZTRA102b11.mov,00:00:09,00:01:40,00:01:31,,,,,FP,,1,None,False,False,False,Day
SZTR/video/SZTRA102b12.mov,00:00:11,00:01:00,00:00:49,10.0,Crouch Run,One person,Perpendicular,TP,,1,None,False,False,False,Day
SZTR/video/SZTRA102b12.mov,00:00:04,00:02:16,00:02:12,,,,,FP,,1,None,False,False,False,Day
SZTR/video/SZTRA102b13.mov,00:00:20,00:00:39,00:00:19,30.0,Walk With Ladder,One person,Perpendicular,TP,,1,None,False,False,False,Day
SZTR/video/SZTRA103a01.mov,00:05:19,00:06:14,00:00:55,15.0,Walk,One person,Perpendicular,TP,,1,Overcast,False,False,False,Day
SZTR/video/SZTRA103a01.mov,00:00:01,00:00:21,00:00:20,,,,,FP,,1,Overcast,False,False,False,Day
SZTR/video/SZTRA103a01.mov,00:04:50,00:06:17,00:01:27,,,,,FP,,1,Overcast,False,False,False,Day
SZTR/video/SZTRA103a02.mov,00:00:07,00:01:14,00:01:07,15.0,Walk,Two People,Perpendicular,TP,,1,Overcast,False,False,False,Day
SZTR/video/SZTRA103a03.mov,00:00:12,00:01:21,00:01:09,15.0,Creep Walk,One person,Perpendicular,TP,,1,Overcast,False,,False,Day
SZTR/video/SZTRA103a03.mov,00:00:07,00:01:34,00:01:27,,,,,FP,,1,Overcast,False,,False,Day
SZTR/video/SZTRA103a03.mov,00:00:09,00:02:19,00:02:10,,,,,FP,,1,Overcast,False,,False,Day
SZTR/video/SZTRA103a03.mov,00:00:06,00:02:24,00:02:18,,,,,FP,,1,Overcast,False,,False,Day
SZTR/video/SZTRA103a04.mov,00:00:03,00:01:15,00:01:12,15.0,Run,One person,Perpendicular,TP,,1,Overcast,False,False,False,Day
SZTR/video/SZTRA103a04.mov,00:00:01,00:02:06,00:02:05,,,,,FP,,1,Overcast,False,False,False,Day
SZTR/video/SZTRA103a05.mov,00:00:07,00:01:07,00:01:00,30.0,Walk,One person,Perpendicular,TP,,1,Overcast,False,False,False,Day
SZTR/video/SZTRA103a05.mov,00:00:02,00:01:57,00:01:55,,,,,FP,,1,Overcast,False,False,False,Day
SZTR/video/SZTRA103a06.mov,00:00:04,00:01:01,00:00:57,30.0,Walk,Two People,Perpendicular,TP,,1,Overcast,False,False,False,Day
SZTR/video/SZTRA103a07.mov,00:00:11,00:01:55,00:01:44,10.0,Creep Walk,One person,Perpendicular,TP,,1,Overcast,False,False,False,Day
SZTR/video/SZTRA103a08.mov,00:00:04,00:01:31,00:01:27,15.0,Body Drag,One person,Perpendicular,TP,,1,Overcast,False,False,False,Day
SZTR/video/SZTRA103a09.mov,00:00:15,00:01:04,00:00:49,10.0,Run,One person,Perpendicular,TP,,1,Overcast,False,False,False,Day
SZTR/video/SZTRA103a09.mov,00:01:46,00:02:09,00:00:23,,,,,FP,,1,Overcast,False,False,False,Day
SZTR/video/SZTRA103a09.mov,00:00:09,00:01:21,00:01:12,,,,,FP,,1,Overcast,False,False,False,Day
SZTR/video/SZTRA103a10.mov,00:00:03,00:01:02,00:00:59,30.0,Crouch Run,One person,Perpendicular,TP,,1,Overcast,False,False,False,Day
SZTR/video/SZTRA103a10.mov,00:01:27,00:01:52,00:00:25,,,,,FP,,1,Overcast,False,False,False,Day
SZTR/video/SZTRA103a11.mov,00:00:14,00:01:20,00:01:06,15.0,Walk,One person,Diagonal,TP,,1,Overcast,False,False,False,Day
SZTR/video/SZTRA103a12.mov,00:00:07,00:00:55,00:00:48,30.0,Crouch Walk,One person,Diagonal,TP,,1,Overcast,False,False,False,Day
SZTR/video/SZTRA103a12.mov,00:00:00,00:02:03,00:02:03,,,,,FP,,1,Overcast,False,False,False,Day
SZTR/video/SZTRA103a13.mov,00:00:05,00:01:11,00:01:06,30.0,Crawl,One person,Perpendicular,TP,,1,Overcast,False,False,False,Day
SZTR/video/SZTRA103a14.mov,00:00:02,00:01:13,00:01:11,10.0,Crawl,One person,Perpendicular,TP,,1,Overcast,False,False,False,Day
SZTR/video/SZTRA103a15.mov,00:00:06,00:01:05,00:00:59,10.0,Log Roll,One person,Perpendicular,TP,,1,Overcast,False,False,False,Day
SZTR/video/SZTRA103a16.mov,00:00:07,00:01:07,00:01:00,30.0,Run,One person,Perpendicular,TP,,1,Overcast,False,False,False,Day
SZTR/video/SZTRA103a17.mov,00:00:09,00:00:36,00:00:27,10.0,Walk With Ladder,One person,Perpendicular,TP,,1,Overcast,False,False,False,Day
SZTR/video/SZTRA103b01.mov,00:06:13,00:07:13,00:01:00,15.0,Walk,One person,Perpendicular,TP,,1,Some,False,False,False,Day
SZTR/video/SZTRA103b01.mov,00:00:47,00:02:49,00:02:02,,,,,FP,,1,Some,False,False,False,Day
SZTR/video/SZTRA103b02.mov,00:00:12,00:01:16,00:01:04,15.0,Walk,Two People,Perpendicular,TP,,1,Some,False,False,False,Day
SZTR/video/SZTRA103b02.mov,00:01:21,00:02:36,00:01:15,,,,,FP,,1,Some,False,False,False,Day
SZTR/video/SZTRA103b03.mov,00:00:11,00:02:11,00:02:00,10.0,Creep Walk,One person,Perpendicular,TP,,1,Some,False,False,False,Day
SZTR/video/SZTRA103b04.mov,00:00:15,00:01:12,00:00:57,10.0,Run,One person,Diagonal,TP,,1,Some,False,False,False,Day
SZTR/video/SZTRA103b04.mov,00:00:11,00:01:17,00:01:06,,,,,FP,,1,Some,False,False,False,Day
SZTR/video/SZTRA103b04.mov,00:00:10,00:01:29,00:01:19,,,,,FP,,1,Some,False,False,False,Day
SZTR/video/SZTRA103b05.mov,00:02:01,00:03:01,00:01:00,15.0,Run,One person,Perpendicular,TP,,1,Some,False,False,False,Day
SZTR/video/SZTRA103b05.mov,00:01:05,00:01:48,00:00:43,,,,,FP,,1,Some,False,False,False,Day
SZTR/video/SZTRA103b06.mov,00:00:13,00:01:18,00:01:05,30.0,Crouch Run,One person,Perpendicular,TP,,1,Some,False,False,False,Day
SZTR/video/SZTRA103b06.mov,00:01:19,00:02:01,00:00:42,,,,,FP,,1,Some,False,False,False,Day
SZTR/video/SZTRA103b06.mov,00:01:58,00:02:29,00:00:31,,,,,FP,,1,Some,False,False,False,Day
SZTR/video/SZTRA103b06.mov,00:01:58,00:02:27,00:00:29,,,,,FP,,1,Some,False,False,False,Day
SZTR/video/SZTRA103b07.mov,00:00:09,00:01:14,00:01:05,30.0,Walk,One person,Diagonal,TP,,1,Some,False,,False,Day
SZTR/video/SZTRA103b07.mov,00:00:06,00:02:06,00:02:00,,,,,FP,,1,Some,False,,False,Day
SZTR/video/SZTRA103b08.mov,00:00:05,00:00:48,00:00:43,30.0,Run,One person,Perpendicular,TP,,1,Some,False,False,False,Day
SZTR/video/SZTRA103b08.mov,00:01:48,00:02:13,00:00:25,,,,,FP,,1,Some,False,False,False,Day
SZTR/video/SZTRA103b09.mov,00:00:09,00:01:15,00:01:06,30.0,Walk,One person,Perpendicular,TP,,1,Some,False,False,False,Day
SZTR/video/SZTRA103b09.mov,00:00:01,00:02:00,00:01:59,,,,,FP,,1,Some,False,False,False,Day
SZTR/video/SZTRA103b10.mov,00:00:19,00:01:11,00:00:52,30.0,Walk,Two People,Perpendicular,TP,,1,Some,False,False,False,Day
SZTR/video/SZTRA103b10.mov,00:01:50,00:02:16,00:00:26,,,,,FP,,1,Some,False,False,False,Day
SZTR/video/SZTRA103b10.mov,00:00:07,00:01:28,00:01:21,,,,,FP,,1,Some,False,False,False,Day
SZTR/video/SZTRA103b11.mov,00:00:22,00:02:22,00:02:00,30.0,Creep Walk,One person,Perpendicular,TP,,1,Some,False,False,False,Day
SZTR/video/SZTRA103b12.mov,00:00:10,00:01:12,00:01:02,30.0,Crouch Walk,One person,Diagonal,TP,,1,Some,False,False,False,Day
SZTR/video/SZTRA103b13.mov,00:00:16,00:01:22,00:01:06,15.0,Crawl,One person,Perpendicular,TP,,1,Some,False,False,False,Day
SZTR/video/SZTRA103b13.mov,00:01:39,00:03:15,00:01:36,,,,,FP,,1,Some,False,False,False,Day
SZTR/video/SZTRA103b14.mov,00:00:15,00:01:33,00:01:18,10.0,Body Drag,One person,Perpendicular,TP,,1,Some,False,False,False,Day
SZTR/video/SZTRA103b15.mov,00:00:09,00:01:14,00:01:05,10.0,Run,One person,Perpendicular,TP,,1,Some,False,False,False,Day
SZTR/video/SZTRA103b15.mov,00:00:08,00:01:38,00:01:30,,,,,FP,,1,Some,False,False,False,Day
SZTR/video/SZTRA103b15.mov,00:01:57,00:03:14,00:01:17,,,,,FP,,1,Some,False,False,False,Day
SZTR/video/SZTRA103b16.mov,00:00:06,00:00:58,00:00:52,10.0,Crouch Run,One person,Perpendicular,TP,,1,Some,False,False,False,Day
SZTR/video/SZTRA103b16.mov,00:00:05,00:02:31,00:02:26,,,,,FP,,1,Some,False,False,False,Day
SZTR/video/SZTRA103b17.mov,00:00:12,00:00:44,00:00:32,10.0,Walk With Ladder,One person,Perpendicular,TP,,1,None,False,False,False,Day
SZTR/video/SZTRA103b17.mov,00:00:00,00:00:45,00:00:45,,,,,FP,,1,None,False,False,False,Day
SZTR/video/SZTRA104a01.mov,00:05:14,00:06:39,00:01:25,30.0,Creep Walk,One person,Perpendicular,TP,,1,Overcast,False,False,False,Dusk
SZTR/video/SZTRA104a01.mov,00:04:18,00:05:02,00:00:44,,,,,FP,,1,Overcast,False,False,False,Dusk
SZTR/video/SZTRA104a01.mov,00:01:41,00:02:19,00:00:38,,,,,FP,,1,Overcast,False,False,False,Dusk
SZTR/video/SZTRA104a01.mov,00:00:14,00:01:29,00:01:15,,,,,FP,,1,Overcast,False,False,False,Dusk
SZTR/video/SZTRA104a02.mov,00:00:17,00:01:27,00:01:10,15.0,Body Drag,One person,Perpendicular,TP,,1,Overcast,False,False,False,Dusk
SZTR/video/SZTRA104a02.mov,00:01:34,00:02:21,00:00:47,,,,,FP,,1,Overcast,False,False,False,Dusk
SZTR/video/SZTRA104a03.mov,00:00:04,00:01:04,00:01:00,30.0,Run,One person,Diagonal,TP,,1,Overcast,False,False,False,Dusk
SZTR/video/SZTRA104a04.mov,00:00:07,00:01:07,00:01:00,15.0,Run,One person,Perpendicular,TP,,1,Overcast,False,False,False,Dusk
SZTR/video/SZTRA104a05.mov,00:00:09,00:01:06,00:00:57,10.0,Walk,One person,Diagonal,TP,,1,Overcast,False,False,False,Dusk
SZTR/video/SZTRA104a05.mov,00:01:31,00:01:56,00:00:25,,,,,FP,,1,Overcast,False,False,False,Dusk
SZTR/video/SZTRA104a06.mov,00:00:46,00:01:51,00:01:05,10.0,Walk,One person,Perpendicular,TP,,1,Overcast,False,False,False,Dusk
SZTR/video/SZTRA104a06.mov,00:00:07,00:02:29,00:02:22,,,,,FP,,1,Overcast,False,False,False,Dusk
SZTR/video/SZTRA104a07.mov,00:00:10,00:01:15,00:01:05,10.0,Walk,Two People,Perpendicular,TP,,1,Overcast,False,False,False,Dusk
SZTR/video/SZTRA104a08.mov,00:00:18,00:01:59,00:01:41,15.0,Creep Walk,One person,Perpendicular,TP,,1,Overcast,False,False,False,Dusk
SZTR/video/SZTRA104a08.mov,00:00:10,00:02:34,00:02:24,,,,,FP,,1,Overcast,False,False,False,Dusk
SZTR/video/SZTRA104a09.mov,00:00:29,00:02:16,00:01:47,10.0,Creep Walk,One person,Perpendicular,TP,,1,Overcast,False,False,False,Dusk
SZTR/video/SZTRA104a09.mov,00:00:23,00:02:27,00:02:04,,,,,FP,,1,Overcast,False,False,False,Dusk
SZTR/video/SZTRA104a09.mov,00:02:41,00:03:42,00:01:01,,,,,FP,,1,Overcast,False,False,False,Dusk
SZTR/video/SZTRA104a10.mov,00:00:11,00:01:15,00:01:04,30.0,Crouch Run,One person,Perpendicular,TP,,1,Overcast,False,False,False,Dusk
SZTR/video/SZTRA104a10.mov,00:02:00,00:02:40,00:00:40,,,,,FP,,1,Overcast,False,False,False,Dusk
SZTR/video/SZTRA104a11.mov,00:00:06,00:01:15,00:01:09,10.0,Crouch Run,One person,Perpendicular,TP,,1,Overcast,False,False,False,Dusk
SZTR/video/SZTRA104a11.mov,00:00:05,00:02:02,00:01:57,,,,,FP,,1,Overcast,False,False,False,Dusk
SZTR/video/SZTRA104a11.mov,00:01:32,00:02:29,00:00:57,,,,,FP,,1,Overcast,False,False,False,Dusk
SZTR/video/SZTRA104a12.mov,00:00:08,00:01:10,00:01:02,30.0,Walk,One person,Perpendicular,TP,,1,Overcast,False,False,False,Dusk
SZTR/video/SZTRA104a12.mov,00:01:35,00:02:48,00:01:13,,,,,FP,,1,Overcast,False,False,False,Dusk
SZTR/video/SZTRA104a13.mov,00:00:28,00:01:26,00:00:58,30.0,Walk,Two People,Perpendicular,TP,,1,Overcast,False,False,False,Dusk
SZTR/video/SZTRA104a13.mov,00:00:12,00:02:16,00:02:04,,,,,FP,,1,Overcast,False,False,False,Dusk
SZTR/video/SZTRA104a14.mov,00:00:13,00:01:15,00:01:02,30.0,Crawl,One person,Perpendicular,TP,,1,Overcast,False,False,False,Dusk
SZTR/video/SZTRA104a14.mov,00:00:07,00:01:53,00:01:46,,,,,FP,,1,Overcast,False,False,False,Dusk
SZTR/video/SZTRA104a15.mov,00:00:25,00:01:03,00:00:38,15.0,Walk With Ladder,One person,Perpendicular,TP,,1,Overcast,False,False,False,Dusk
SZTR/video/SZTRA104a15.mov,00:00:17,00:01:32,00:01:15,,,,,FP,,1,Overcast,False,False,False,Dusk
SZTR/video/SZTRA104b01.mov,00:09:03,00:10:09,00:01:06,30.0,Creep Walk,One person,Perpendicular,TP,,1,Overcast,False,False,True,Day
SZTR/video/SZTRA104b01.mov,00:06:12,00:07:19,00:01:07,,,,,FP,,1,Overcast,False,False,True,Day
SZTR/video/SZTRA104b01.mov,00:02:43,00:04:43,00:02:00,,,,,FP,,1,Overcast,False,False,True,Day
SZTR/video/SZTRA104b02.mov,00:01:10,00:02:25,00:01:15,15.0,Crawl,One person,Perpendicular,TP,,1,Overcast,False,False,True,Day
SZTR/video/SZTRA104b03.mov,00:00:39,00:01:33,00:00:54,10.0,Run,One person,Diagonal,TP,,1,Overcast,False,False,True,Day
SZTR/video/SZTRA104b03.mov,00:00:05,00:02:25,00:02:20,,,,,FP,,1,Overcast,False,False,True,Day
SZTR/video/SZTRA104b03.mov,00:00:12,00:01:39,00:01:27,,,,,FP,,1,Overcast,False,False,True,Day
SZTR/video/SZTRA104b03.mov,00:00:22,00:01:54,00:01:32,,,,,FP,,1,Overcast,False,False,True,Day
SZTR/video/SZTRA104b04.mov,00:00:47,00:01:46,00:00:59,10.0,Walk,One person,Perpendicular,TP,,1,Overcast,False,False,True,Day
SZTR/video/SZTRA104b04.mov,00:02:13,00:03:39,00:01:26,,,,,FP,,1,Overcast,False,False,True,Day
SZTR/video/SZTRA104b05.mov,00:00:36,00:01:30,00:00:54,10.0,Walk,Two People,Perpendicular,TP,,1,Overcast,False,False,True,Day
SZTR/video/SZTRA104b05.mov,00:00:20,00:02:08,00:01:48,,,,,FP,,1,Overcast,False,False,True,Day
SZTR/video/SZTRA104b06.mov,00:00:10,00:01:06,00:00:56,30.0,Crouch Walk,One person,Perpendicular,TP,,1,Overcast,False,False,True,Day
SZTR/video/SZTRA104b07.mov,00:00:19,00:01:21,00:01:02,30.0,Crawl,One person,Perpendicular,TP,,1,Overcast,False,False,True,Day
SZTR/video/SZTRA104b07.mov,00:00:01,00:02:24,00:02:23,,,,,FP,,1,Overcast,False,False,True,Day
SZTR/video/SZTRA104b08.mov,00:00:19,00:01:16,00:00:57,10.0,Run,One person,Perpendicular,TP,,1,Overcast,False,False,True,Day
SZTR/video/SZTRA104b08.mov,00:00:09,00:02:14,00:02:05,,,,,FP,,1,Overcast,False,False,True,Day
SZTR/video/SZTRA104b09.mov,00:00:22,00:01:28,00:01:06,15.0,Crouch Run,One person,Perpendicular,TP,,1,Overcast,False,False,True,Day
SZTR/video/SZTRA104b09.mov,00:00:15,00:01:45,00:01:30,,,,,FP,,1,Overcast,False,False,True,Day
SZTR/video/SZTRA104b09.mov,00:00:19,00:01:48,00:01:29,,,,,FP,,1,Overcast,False,False,True,Day
SZTR/video/SZTRA104b10.mov,00:01:22,00:01:44,00:00:22,15.0,Walk With Ladder,One person,Perpendicular,TP,,1,Overcast,False,False,True,Day
SZTR/video/SZTRA104b10.mov,00:00:00,00:00:41,00:00:41,,,,,FP,,1,Overcast,False,False,True,Day
SZTR/video/SZTRA201a01.mov,00:08:50,00:09:49,00:00:59,15.0,Walk,One person,Perpendicular,TP,,2,,False,False,False,Night
SZTR/video/SZTRA201a01.mov,00:06:19,00:06:45,00:00:26,,,,,FP,,2,,False,False,False,Night
SZTR/video/SZTRA201a01.mov,00:01:06,00:01:33,00:00:27,,,,,FP,,2,,False,False,False,Night
SZTR/video/SZTRA201a01.mov,00:05:13,00:06:39,00:01:26,,,,,FP,,2,,False,False,False,Night
SZTR/video/SZTRA201a01.mov,00:03:09,00:04:41,00:01:32,,,,,FP,,2,,False,False,False,Night
SZTR/video/SZTRA201a02.mov,00:01:38,00:02:47,00:01:09,15.0,Walk,Two People,Perpendicular,TP,,2,,False,False,False,Night
SZTR/video/SZTRA201a02.mov,00:00:24,00:00:44,00:00:20,,,,,FP,,2,,False,False,False,Night
SZTR/video/SZTRA201a03.mov,00:01:17,00:02:41,00:01:24,10.0,Creep Walk,One person,Perpendicular,TP,,2,,False,False,False,Night
SZTR/video/SZTRA201a03.mov,00:01:02,00:03:09,00:02:07,,,,,FP,,2,,False,False,False,Night
SZTR/video/SZTRA201a04.mov,00:00:16,00:01:31,00:01:15,10.0,Crouch Walk,One person,Perpendicular,TP,,2,,False,False,False,Night
SZTR/video/SZTRA201a04.mov,00:02:00,00:02:35,00:00:35,,,,,FP,,2,,False,False,False,Night
SZTR/video/SZTRA201a05.mov,00:00:09,00:01:09,00:01:00,30.0,Crouch Walk,One person,Perpendicular,TP,,2,,False,False,False,Night
SZTR/video/SZTRA201a05.mov,00:00:03,00:02:06,00:02:03,,,,,FP,,2,,False,False,False,Night
SZTR/video/SZTRA201a05.mov,00:02:09,00:02:27,00:00:18,,,,,FP,,2,,False,False,False,Night
SZTR/video/SZTRA201a06.mov,00:00:03,00:01:18,00:01:15,15.0,Crawl,One person,Perpendicular,TP,,2,,False,False,False,Night
SZTR/video/SZTRA201a07.mov,00:00:24,00:01:36,00:01:12,30.0,Crawl,One person,Perpendicular,TP,,2,,False,False,False,Night
SZTR/video/SZTRA201a07.mov,00:00:06,00:02:05,00:01:59,,,,,FP,,2,,False,False,False,Night
SZTR/video/SZTRA201a08.mov,00:00:06,00:01:02,00:00:56,30.0,Log Roll,One person,Perpendicular,TP,,2,,False,False,False,Night
SZTR/video/SZTRA201a08.mov,00:00:04,00:01:41,00:01:37,,,,,FP,,2,,False,False,False,Night
SZTR/video/SZTRA201a08.mov,00:00:03,00:02:08,00:02:05,,,,,FP,,2,,False,False,False,Night
SZTR/video/SZTRA201a09.mov,00:00:01,00:00:48,00:00:47,30.0,Run,One person,Diagonal,TP,,2,,False,False,False,Night
SZTR/video/SZTRA201a09.mov,00:01:01,00:01:31,00:00:30,,,,,FP,,2,,False,False,False,Night
SZTR/video/SZTRA201a10.mov,00:00:15,00:01:19,00:01:04,15.0,Run,One person,Perpendicular,TP,,2,,False,False,False,Night
SZTR/video/SZTRA201a11.mov,00:00:14,00:01:34,00:01:20,15.0,Walk,One person,Diagonal,TP,,2,,False,False,False,Night
SZTR/video/SZTRA201a11.mov,00:00:13,00:01:48,00:01:35,,,,,FP,,2,,False,False,False,Night
SZTR/video/SZTRA201a12.mov,00:00:22,00:01:29,00:01:07,30.0,Walk,One person,Perpendicular,TP,,2,,False,False,False,Night
SZTR/video/SZTRA201a12.mov,00:01:54,00:02:54,00:01:00,,,,,FP,,2,,False,False,False,Night
SZTR/video/SZTRA201a13.mov,00:00:26,00:01:32,00:01:06,30.0,Walk,Two People,Perpendicular,TP,,2,,False,False,False,Night
SZTR/video/SZTRA201a13.mov,00:00:09,00:02:27,00:02:18,,,,,FP,,2,,False,False,False,Night
SZTR/video/SZTRA201a14.mov,00:00:14,00:01:37,00:01:23,30.0,Creep Walk,One person,Perpendicular,TP,,2,,False,False,False,Night
SZTR/video/SZTRA201a15.mov,00:00:15,00:01:34,00:01:19,10.0,Crouch Walk,One person,Diagonal,TP,,2,,False,False,False,Night
SZTR/video/SZTRA201a15.mov,00:00:00,00:02:16,00:02:16,,,,,FP,,2,,False,False,False,Night
SZTR/video/SZTRA201a16.mov,00:00:15,00:01:45,00:01:30,10.0,Body Drag,One person,Perpendicular,TP,,2,,False,False,False,Night
SZTR/video/SZTRA201a17.mov,00:00:10,00:01:26,00:01:16,15.0,Body Drag,One person,Perpendicular,TP,,2,,False,False,False,Night
SZTR/video/SZTRA201a18.mov,00:00:15,00:01:30,00:01:15,30.0,Body Drag,One person,Perpendicular,TP,,2,,False,False,False,Night
SZTR/video/SZTRA201a19.mov,00:00:06,00:01:06,00:01:00,10.0,Run,One person,Perpendicular,TP,,2,,False,False,False,Night
SZTR/video/SZTRA201a19.mov,00:01:26,00:02:35,00:01:09,,,,,FP,,2,,False,False,False,Night
SZTR/video/SZTRA201a20.mov,00:00:02,00:01:11,00:01:09,10.0,Run,One person,Perpendicular,TP,,2,,False,False,False,Night
SZTR/video/SZTRA201a20.mov,00:01:38,00:02:07,00:00:29,,,,,FP,,2,,False,False,False,Night
SZTR/video/SZTRA201a21.mov,00:00:06,00:01:11,00:01:05,30.0,Crouch Run,One person,Perpendicular,TP,,2,,False,False,False,Night
SZTR/video/SZTRA201a21.mov,00:00:01,00:01:33,00:01:32,,,,,FP,,2,,False,False,False,Night
SZTR/video/SZTRA201a22.mov,00:01:10,00:02:05,00:00:55,10.0,Walk,One person,Perpendicular,TP,,2,,False,False,False,Night
SZTR/video/SZTRA201a22.mov,00:00:04,00:02:31,00:02:27,,,,,FP,,2,,False,False,False,Night
SZTR/video/SZTRA201a22.mov,00:00:15,00:02:18,00:02:03,,,,,FP,,2,,False,False,False,Night
SZTR/video/SZTRA201a23.mov,00:01:08,00:01:59,00:00:51,10.0,Walk,Two People,Perpendicular,TP,,2,,False,False,False,Night
SZTR/video/SZTRA201a23.mov,00:00:23,00:02:31,00:02:08,,,,,FP,,2,,False,False,False,Night
SZTR/video/SZTRA201a24.mov,00:01:20,00:02:36,00:01:16,15.0,Creep Walk,One person,Diagonal,TP,,2,,False,False,False,Night
SZTR/video/SZTRA201a24.mov,00:01:19,00:02:42,00:01:23,,,,,FP,,2,,False,False,False,Night
SZTR/video/SZTRA201a25.mov,00:01:14,00:02:53,00:01:39,15.0,Creep Walk,One person,Perpendicular,TP,,2,,False,False,False,Night
SZTR/video/SZTRA201a26.mov,00:01:18,00:02:19,00:01:01,15.0,Crouch Walk,One person,Perpendicular,TP,,2,,True,False,False,Night
SZTR/video/SZTRA201a26.mov,00:02:43,00:03:23,00:00:40,,,,,FP,,2,,True,False,False,Night
SZTR/video/SZTRA201a27.mov,00:00:31,00:01:43,00:01:12,10.0,Crawl,One person,Perpendicular,TP,,2,,True,False,False,Night
SZTR/video/SZTRA201a27.mov,00:00:17,00:01:53,00:01:36,,,,,FP,,2,,True,False,False,Night
SZTR/video/SZTRA201a27.mov,00:00:11,00:01:50,00:01:39,,,,,FP,,2,,True,False,False,Night
SZTR/video/SZTRA201a27.mov,00:00:01,00:02:03,00:02:02,,,,,FP,,2,,True,False,False,Night
SZTR/video/SZTRA201a28.mov,00:00:56,00:02:05,00:01:09,10.0,Log Roll,One person,Perpendicular,TP,,2,,True,False,False,Night
SZTR/video/SZTRA201a29.mov,00:01:13,00:02:06,00:00:53,30.0,Run,One person,Perpendicular,TP,,2,,False,False,False,Night
SZTR/video/SZTRA201a29.mov,00:01:05,00:02:34,00:01:29,,,,,FP,,2,,False,False,False,Night
SZTR/video/SZTRA201a30.mov,00:00:54,00:01:48,00:00:54,15.0,Crouch Run,One person,Perpendicular,TP,,2,,False,False,False,Night
SZTR/video/SZTRA201a30.mov,00:00:50,00:02:02,00:01:12,,,,,FP,,2,,False,False,False,Night
SZTR/video/SZTRA201a30.mov,00:00:00,00:00:23,00:00:23,,,,,FP,,2,,False,False,False,Night
SZTR/video/SZTRA201a31.mov,00:01:17,00:01:53,00:00:36,15.0,Walk With Ladder,One person,Perpendicular,TP,,2,,False,False,False,Night
SZTR/video/SZTRA201a31.mov,00:02:23,00:04:00,00:01:37,,,,,FP,,2,,False,False,False,Night
SZTR/video/SZTRA202a01.mov,00:05:36,00:06:42,00:01:06,15.0,Walk,One person,Perpendicular,TP,,2,None,False,False,False,Dawn
SZTR/video/SZTRA202a01.mov,00:00:42,00:02:39,00:01:57,,,,,FP,,2,None,False,False,False,Dawn
SZTR/video/SZTRA202a01.mov,00:02:17,00:03:35,00:01:18,,,,,FP,,2,None,False,False,False,Dawn
SZTR/video/SZTRA202a02.mov,00:01:50,00:02:42,00:00:52,15.0,Walk,Two People,Perpendicular,TP,,2,None,False,False,False,Dawn
SZTR/video/SZTRA202a03.mov,00:00:09,00:01:24,00:01:15,10.0,Crouch Walk,One person,Perpendicular,TP,,2,None,False,False,False,Dawn
SZTR/video/SZTRA202a04.mov,00:00:09,00:01:08,00:00:59,15.0,Crawl,One person,Perpendicular,TP,,2,None,False,False,False,Dawn
SZTR/video/SZTRA202a04.mov,00:00:01,00:01:46,00:01:45,,,,,FP,,2,None,False,False,False,Dawn
SZTR/video/SZTRA202a05.mov,00:00:21,00:01:54,00:01:33,15.0,Creep Walk,One person,Perpendicular,TP,,2,,False,False,False,Dawn
SZTR/video/SZTRA202a06.mov,00:00:54,00:01:45,00:00:51,30.0,Run,One person,Perpendicular,TP,,2,,False,False,False,Dawn
SZTR/video/SZTRA202a06.mov,00:00:14,00:00:43,00:00:29,,,,,FP,,2,,False,False,False,Dawn
SZTR/video/SZTRA202a07.mov,00:00:02,00:00:54,00:00:52,15.0,Run,One person,Perpendicular,TP,,2,,False,False,False,Dawn
SZTR/video/SZTRA202a08.mov,00:00:17,00:02:16,00:01:59,30.0,Creep Walk,One person,Diagonal,TP,,2,,False,False,False,Dawn
SZTR/video/SZTRA202a09.mov,00:00:04,00:00:50,00:00:46,10.0,Run,One person,Perpendicular,TP,,2,,False,False,False,Dawn
SZTR/video/SZTRA202a10.mov,00:00:08,00:00:52,00:00:44,30.0,Walk With Ladder,One person,Perpendicular,TP,,2,,False,False,False,Dawn
SZTR/video/SZTRA202a10.mov,00:00:00,00:01:17,00:01:17,,,,,FP,,2,,False,False,False,Dawn
SZTR/video/SZTRA202a10.mov,00:00:06,00:01:21,00:01:15,,,,,FP,,2,,False,False,False,Dawn
SZTR/video/SZTRA202b01.mov,00:04:59,00:06:03,00:01:04,30.0,Walk,One person,Perpendicular,TP,,2,None,False,False,False,Day
SZTR/video/SZTRA202b01.mov,00:01:02,00:03:22,00:02:20,,,,,FP,,2,None,False,False,False,Day
SZTR/video/SZTRA202b02.mov,00:00:19,00:01:18,00:00:59,30.0,Walk,Two People,Perpendicular,TP,,2,None,False,False,False,Day
SZTR/video/SZTRA202b02.mov,00:00:03,00:01:20,00:01:17,,,,,FP,,2,None,False,False,False,Day
SZTR/video/SZTRA202b02.mov,00:01:35,00:02:05,00:00:30,,,,,FP,,2,None,False,False,False,Day
SZTR/video/SZTRA202b03.mov,00:00:15,00:01:03,00:00:48,30.0,Crouch Walk,One person,Perpendicular,TP,,2,None,False,False,False,Day
SZTR/video/SZTRA202b03.mov,00:00:04,00:01:41,00:01:37,,,,,FP,,2,None,False,False,False,Day
SZTR/video/SZTRA202b04.mov,00:00:22,00:01:11,00:00:49,10.0,Run,One person,Perpendicular,TP,,2,None,False,False,False,Day
SZTR/video/SZTRA202b04.mov,00:00:20,00:01:52,00:01:32,,,,,FP,,2,None,False,False,False,Day
SZTR/video/SZTRA202b05.mov,00:00:06,00:01:07,00:01:01,15.0,Crouch Run,One person,Perpendicular,TP,,2,None,False,False,False,Day
SZTR/video/SZTRA202b05.mov,00:02:18,00:02:38,00:00:20,,,,,FP,,2,None,False,False,False,Day
SZTR/video/SZTRA202b05.mov,00:01:27,00:01:55,00:00:28,,,,,FP,,2,None,False,False,False,Day
SZTR/video/SZTRA202b06.mov,00:00:01,00:00:54,00:00:53,10.0,Crouch Run,One person,Perpendicular,TP,,2,None,False,False,False,Day
SZTR/video/SZTRA202b07.mov,00:00:53,00:01:53,00:01:00,30.0,Crawl,One person,Perpendicular,TP,,2,None,False,False,False,Day
SZTR/video/SZTRA202b08.mov,00:00:03,00:01:34,00:01:31,10.0,Body Drag,One person,Perpendicular,TP,,2,None,False,False,False,Day
SZTR/video/SZTRA202b09.mov,00:00:06,00:00:52,00:00:46,30.0,Run,One person,Perpendicular,TP,,2,None,False,False,False,Day
SZTR/video/SZTRA202b10.mov,00:00:09,00:02:17,00:02:08,10.0,Creep Walk,One person,Diagonal,TP,,2,None,False,False,False,Day
SZTR/video/SZTRA202b11.mov,00:00:08,00:01:04,00:00:56,10.0,Log Roll,One person,Perpendicular,TP,,2,None,False,False,False,Day
SZTR/video/SZTRA202b12.mov,00:00:12,00:01:01,00:00:49,30.0,Crouch Run,One person,Perpendicular,TP,,2,None,False,False,False,Day
SZTR/video/SZTRA202b12.mov,00:01:42,00:02:00,00:00:18,,,,,FP,,2,None,False,False,False,Day
SZTR/video/SZTRA202b13.mov,00:00:19,00:00:39,00:00:20,10.0,Walk With Ladder,One person,Perpendicular,TP,,2,None,False,False,False,Day
SZTR/video/SZTRA203a01.mov,00:05:19,00:06:14,00:00:55,15.0,Walk,One person,Perpendicular,TP,,2,Overcast,False,False,False,Day
SZTR/video/SZTRA203a01.mov,00:02:54,00:05:04,00:02:10,,,,,FP,,2,Overcast,False,False,False,Day
SZTR/video/SZTRA203a01.mov,00:03:07,00:05:00,00:01:53,,,,,FP,,2,Overcast,False,False,False,Day
SZTR/video/SZTRA203a01.mov,00:00:35,00:02:32,00:01:57,,,,,FP,,2,Overcast,False,False,False,Day
SZTR/video/SZTRA203a02.mov,00:00:08,00:01:14,00:01:06,15.0,Walk,Two People,Perpendicular,TP,,2,Overcast,False,False,False,Day
SZTR/video/SZTRA203a03.mov,00:00:12,00:01:21,00:01:09,15.0,Creep Walk,One person,Perpendicular,TP,,2,Overcast,False,False,False,Day
SZTR/video/SZTRA203a04.mov,00:00:03,00:01:15,00:01:12,15.0,Run,One person,Perpendicular,TP,,2,Overcast,False,False,False,Day
SZTR/video/SZTRA203a05.mov,00:00:05,00:01:07,00:01:02,10.0,Walk,One person,Perpendicular,TP,,2,Overcast,False,False,False,Day
SZTR/video/SZTRA203a05.mov,00:00:00,00:02:22,00:02:22,,,,,FP,,2,Overcast,False,False,False,Day
SZTR/video/SZTRA203a05.mov,00:00:01,00:01:35,00:01:34,,,,,FP,,2,Overcast,False,False,False,Day
SZTR/video/SZTRA203a06.mov,00:00:03,00:01:01,00:00:58,10.0,Walk,Two People,Perpendicular,TP,,2,Overcast,False,False,False,Day
SZTR/video/SZTRA203a06.mov,00:01:26,00:01:59,00:00:33,,,,,FP,,2,Overcast,False,False,False,Day
SZTR/video/SZTRA203a07.mov,00:00:24,00:01:56,00:01:32,30.0,Creep Walk,One person,Perpendicular,TP,,2,Overcast,False,False,False,Day
SZTR/video/SZTRA203a07.mov,00:00:07,00:02:08,00:02:01,,,,,FP,,2,Overcast,False,False,False,Day
SZTR/video/SZTRA203a08.mov,00:00:05,00:01:31,00:01:26,15.0,Body Drag,One person,Perpendicular,TP,,2,Overcast,False,False,False,Day
SZTR/video/SZTRA203a08.mov,00:01:38,00:02:31,00:00:53,,,,,FP,,2,Overcast,False,False,False,Day
SZTR/video/SZTRA203a09.mov,00:00:16,00:01:05,00:00:49,30.0,Run,One person,Perpendicular,TP,,2,Overcast,False,False,False,Day
SZTR/video/SZTRA203a10.mov,00:00:02,00:01:02,00:01:00,10.0,Crouch Run,One person,Perpendicular,TP,,2,Overcast,False,False,False,Day
SZTR/video/SZTRA203a11.mov,00:00:10,00:01:20,00:01:10,15.0,Walk,One person,Diagonal,TP,,2,Overcast,False,False,False,Day
SZTR/video/SZTRA203a11.mov,00:00:03,00:02:03,00:02:00,,,,,FP,,2,Overcast,False,False,False,Day
SZTR/video/SZTRA203a12.mov,00:00:06,00:00:54,00:00:48,10.0,Crouch Walk,One person,Perpendicular,TP,,2,Overcast,False,False,False,Day
SZTR/video/SZTRA203a12.mov,00:00:00,00:01:33,00:01:33,,,,,FP,,2,Overcast,False,False,False,Day
SZTR/video/SZTRA203a13.mov,00:00:02,00:01:11,00:01:09,10.0,Crawl,One person,Perpendicular,TP,,2,Overcast,False,False,False,Day
SZTR/video/SZTRA203a14.mov,00:00:06,00:01:13,00:01:07,30.0,Crawl,One person,Perpendicular,TP,,2,Overcast,False,False,False,Day
SZTR/video/SZTRA203a15.mov,00:00:09,00:01:05,00:00:56,30.0,Log Roll,One person,Perpendicular,TP,,2,Overcast,False,False,False,Day
SZTR/video/SZTRA203a16.mov,00:00:06,00:01:07,00:01:01,10.0,Run,One person,Perpendicular,TP,,2,Overcast,False,False,False,Day
SZTR/video/SZTRA203a16.mov,00:01:13,00:01:38,00:00:25,,,,,FP,,2,Overcast,False,False,False,Day
SZTR/video/SZTRA203a17.mov,00:00:10,00:00:36,00:00:26,30.0,Walk With Ladder,One person,Perpendicular,TP,,2,Overcast,False,False,False,Day
SZTR/video/SZTRA203b01.mov,00:06:13,00:07:13,00:01:00,15.0,Walk,One person,Perpendicular,TP,,2,Some,False,False,False,Day
SZTR/video/SZTRA203b01.mov,00:02:33,00:03:48,00:01:15,,,,,FP,,2,Some,False,False,False,Day
SZTR/video/SZTRA203b01.mov,00:00:08,00:01:39,00:01:31,,,,,FP,,2,Some,False,False,False,Day
SZTR/video/SZTRA203b01.mov,00:01:56,00:02:27,00:00:31,,,,,FP,,2,Some,False,False,False,Day
SZTR/video/SZTRA203b02.mov,00:00:12,00:01:16,00:01:04,15.0,Walk,Two People,Perpendicular,TP,,2,None,False,False,False,Day
SZTR/video/SZTRA203b02.mov,00:02:16,00:03:10,00:00:54,,,,,FP,,2,None,False,False,False,Day
SZTR/video/SZTRA203b02.mov,00:02:04,00:02:37,00:00:33,,,,,FP,,2,None,False,False,False,Day
SZTR/video/SZTRA203b03.mov,00:00:26,00:02:11,00:01:45,30.0,Creep Walk,One person,Perpendicular,TP,,2,Some,False,False,False,Day
SZTR/video/SZTRA203b04.mov,00:00:15,00:01:12,00:00:57,30.0,Run,One person,Diagonal,TP,,2,None,False,False,False,Day
SZTR/video/SZTRA203b05.mov,00:02:01,00:03:01,00:01:00,15.0,Run,One person,Perpendicular,TP,,2,Some,False,False,False,Day
SZTR/video/SZTRA203b05.mov,00:02:00,00:03:43,00:01:43,,,,,FP,,2,Some,False,False,False,Day
SZTR/video/SZTRA203b05.mov,00:00:05,00:01:52,00:01:47,,,,,FP,,2,Some,False,False,False,Day
SZTR/video/SZTRA203b06.mov,00:00:13,00:01:18,00:01:05,10.0,Crouch Run,One person,Perpendicular,TP,,2,None,False,False,False,Day
SZTR/video/SZTRA203b06.mov,00:00:08,00:01:56,00:01:48,,,,,FP,,2,None,False,False,False,Day
SZTR/video/SZTRA203b07.mov,00:00:09,00:01:14,00:01:05,10.0,Walk,One person,Diagonal,TP,,2,Some,False,False,False,Day
SZTR/video/SZTRA203b08.mov,00:00:05,00:00:48,00:00:43,10.0,Run,One person,Perpendicular,TP,,2,Some,False,False,False,Day
SZTR/video/SZTRA203b08.mov,00:00:03,00:02:14,00:02:11,,,,,FP,,2,Some,False,False,False,Day
SZTR/video/SZTRA203b09.mov,00:00:08,00:01:15,00:01:07,10.0,Walk,One person,Perpendicular,TP,,2,Some,False,False,False,Day
SZTR/video/SZTRA203b09.mov,00:01:22,00:02:06,00:00:44,,,,,FP,,2,Some,False,False,False,Day
SZTR/video/SZTRA203b10.mov,00:00:17,00:01:11,00:00:54,10.0,Walk,Two People,Perpendicular,TP,,2,Some,False,False,False,Day
SZTR/video/SZTRA203b10.mov,00:00:15,00:02:03,00:01:48,,,,,FP,,2,Some,False,False,False,Day
SZTR/video/SZTRA203b10.mov,00:00:00,00:02:05,00:02:05,,,,,FP,,2,Some,False,False,False,Day
SZTR/video/SZTRA203b11.mov,00:00:13,00:02:22,00:02:09,10.0,Creep Walk,One person,Perpendicular,TP,,2,Some,False,False,False,Day
SZTR/video/SZTRA203b11.mov,00:03:06,00:04:00,00:00:54,,,,,FP,,2,Some,False,False,False,Day
SZTR/video/SZTRA203b12.mov,00:00:10,00:01:12,00:01:02,10.0,Crouch Walk,One person,Diagonal,TP,,2,Some,False,False,False,Day
SZTR/video/SZTRA203b13.mov,00:00:16,00:01:22,00:01:06,15.0,Crawl,One person,Perpendicular,TP,,2,Some,False,False,False,Day
SZTR/video/SZTRA203b13.mov,00:02:15,00:03:10,00:00:55,,,,,FP,,2,Some,False,False,False,Day
SZTR/video/SZTRA203b14.mov,00:00:18,00:01:33,00:01:15,30.0,Body Drag,One person,Perpendicular,TP,,2,Some,False,False,False,Day
SZTR/video/SZTRA203b14.mov,00:01:34,00:02:49,00:01:15,,,,,FP,,2,Some,False,False,False,Day
SZTR/video/SZTRA203b15.mov,00:00:09,00:01:14,00:01:05,30.0,Run,One person,Perpendicular,TP,,2,Some,False,False,False,Day
SZTR/video/SZTRA203b15.mov,00:01:56,00:02:45,00:00:49,,,,,FP,,2,Some,False,False,False,Day
SZTR/video/SZTRA203b15.mov,00:01:40,00:03:39,00:01:59,,,,,FP,,2,Some,False,False,False,Day
SZTR/video/SZTRA203b16.mov,00:00:06,00:00:58,00:00:52,30.0,Crouch Run,One person,Perpendicular,TP,,2,None,False,False,False,Day
SZTR/video/SZTRA203b16.mov,00:01:12,00:01:46,00:00:34,,,,,FP,,2,None,False,False,False,Day
SZTR/video/SZTRA203b16.mov,00:00:05,00:01:14,00:01:09,,,,,FP,,2,None,False,False,False,Day
SZTR/video/SZTRA203b17.mov,00:00:13,00:00:42,00:00:29,30.0,Walk With Ladder,One person,Perpendicular,TP,,2,None,False,False,False,Day
SZTR/video/SZTRA204a01.mov,00:05:06,00:06:39,00:01:33,10.0,Creep Walk,One person,Perpendicular,TP,,2,Overcast,False,False,False,Dusk
SZTR/video/SZTRA204a01.mov,00:00:30,00:02:57,00:02:27,,,,,FP,,2,Overcast,False,False,False,Dusk
SZTR/video/SZTRA204a02.mov,00:00:17,00:01:27,00:01:10,15.0,Body Drag,One person,Perpendicular,TP,,2,Overcast,False,False,False,Dusk
SZTR/video/SZTRA204a02.mov,00:00:15,00:01:49,00:01:34,,,,,FP,,2,Overcast,False,False,False,Dusk
SZTR/video/SZTRA204a03.mov,00:00:03,00:01:04,00:01:01,10.0,Run,One person,Diagonal,TP,,2,None,False,False,False,Dusk
SZTR/video/SZTRA204a04.mov,00:00:07,00:01:07,00:01:00,15.0,Run,One person,Perpendicular,TP,,2,Overcast,False,False,False,Dusk
SZTR/video/SZTRA204a05.mov,00:00:10,00:01:06,00:00:56,30.0,Walk,One person,Diagonal,TP,,2,Overcast,False,False,False,Dusk
SZTR/video/SZTRA204a06.mov,00:00:48,00:01:51,00:01:03,30.0,Walk,One person,Perpendicular,TP,,2,Overcast,False,False,False,Dusk
SZTR/video/SZTRA204a06.mov,00:00:12,00:02:27,00:02:15,,,,,FP,,2,Overcast,False,False,False,Dusk
SZTR/video/SZTRA204a06.mov,00:02:04,00:03:17,00:01:13,,,,,FP,,2,Overcast,False,False,False,Dusk
SZTR/video/SZTRA204a06.mov,00:00:09,00:02:26,00:02:17,,,,,FP,,2,Overcast,False,False,False,Dusk
SZTR/video/SZTRA204a07.mov,00:00:11,00:01:15,00:01:04,30.0,Walk,Two People,Perpendicular,TP,,2,Overcast,False,False,False,Dusk
SZTR/video/SZTRA204a07.mov,00:00:07,00:02:17,00:02:10,,,,,FP,,2,Overcast,False,False,False,Dusk
SZTR/video/SZTRA204a08.mov,00:00:19,00:01:59,00:01:40,15.0,Creep Walk,One person,Perpendicular,TP,,2,Overcast,False,False,False,Dusk
SZTR/video/SZTRA204a09.mov,00:00:37,00:02:16,00:01:39,30.0,Creep Walk,One person,Perpendicular,TP,,2,Overcast,False,False,False,Dusk
SZTR/video/SZTRA204a10.mov,00:00:10,00:01:15,00:01:05,10.0,Crouch Run,One person,Perpendicular,TP,,2,Overcast,False,False,False,Dusk
SZTR/video/SZTRA204a11.mov,00:00:06,00:01:15,00:01:09,30.0,Crouch Run,One person,Perpendicular,TP,,2,Overcast,False,False,False,Dusk
SZTR/video/SZTRA204a11.mov,00:01:45,00:02:18,00:00:33,,,,,FP,,2,Overcast,False,False,False,Dusk
SZTR/video/SZTRA204a11.mov,00:00:05,00:01:35,00:01:30,,,,,FP,,2,Overcast,False,False,False,Dusk
SZTR/video/SZTRA204a12.mov,00:00:07,00:01:10,00:01:03,10.0,Walk,One person,Perpendicular,TP,,2,Overcast,False,False,False,Dusk
SZTR/video/SZTRA204a12.mov,00:02:15,00:02:35,00:00:20,,,,,FP,,2,Overcast,False,False,False,Dusk
SZTR/video/SZTRA204a13.mov,00:00:27,00:01:26,00:00:59,10.0,Walk,Two People,Perpendicular,TP,,2,Overcast,False,False,False,Dusk
SZTR/video/SZTRA204a13.mov,00:00:19,00:01:59,00:01:40,,,,,FP,,2,Overcast,False,False,False,Dusk
SZTR/video/SZTRA204a13.mov,00:00:04,00:02:14,00:02:10,,,,,FP,,2,Overcast,False,False,False,Dusk
SZTR/video/SZTRA204a14.mov,00:00:09,00:01:15,00:01:06,10.0,Crawl,One person,Perpendicular,TP,,2,Overcast,False,False,False,Dusk
SZTR/video/SZTRA204a15.mov,00:00:24,00:01:03,00:00:39,15.0,Walk With Ladder,One person,Perpendicular,TP,,2,Overcast,False,False,False,Dusk
SZTR/video/SZTRA204a15.mov,00:01:24,00:01:43,00:00:19,,,,,FP,,2,Overcast,False,False,False,Dusk
SZTR/video/SZTRA204a15.mov,00:00:10,00:01:59,00:01:49,,,,,FP,,2,Overcast,False,False,False,Dusk
SZTR/video/SZTRN101a.mov,00:11:10,00:12:31,00:01:21,,,,,FP,,1,Overcast,False,False,False,Day
SZTR/video/SZTRN101a.mov,00:06:28,00:07:58,00:01:30,,,,,FP,,1,Overcast,False,False,False,Day
SZTR/video/SZTRN101a.mov,00:02:43,00:04:31,00:01:48,,,,,FP,,1,Overcast,False,False,False,Day
SZTR/video/SZTRN101b.mov,00:09:51,00:11:11,00:01:20,,,,,FP,,1,None,False,False,False,Day
SZTR/video/SZTRN101b.mov,00:15:56,00:17:36,00:01:40,,,,,FP,,1,None,False,False,False,Day
SZTR/video/SZTRN101b.mov,00:22:01,00:22:23,00:00:22,,,,,FP,,1,None,False,False,False,Day
SZTR/video/SZTRN101b.mov,00:22:39,00:24:26,00:01:47,,,,,FP,,1,None,False,False,False,Day
SZTR/video/SZTRN101b.mov,00:01:06,00:03:33,00:02:27,,,,,FP,,1,None,False,False,False,Day
SZTR/video/SZTRN101b.mov,00:11:17,00:11:42,00:00:25,,,,,FP,,1,None,False,False,False,Day
SZTR/video/SZTRN101c.mov,00:22:00,00:22:30,00:00:30,,,,,FP,,1,None,False,False,False,Dusk
SZTR/video/SZTRN101c.mov,00:17:22,00:19:22,00:02:00,,,,,FP,,1,None,False,False,False,Dusk
SZTR/video/SZTRN101c.mov,00:22:33,00:24:02,00:01:29,,,,,FP,,1,None,False,False,False,Dusk
SZTR/video/SZTRN101c.mov,00:10:00,00:11:41,00:01:41,,,,,FP,,1,None,False,False,False,Dusk
SZTR/video/SZTRN101c.mov,00:05:24,00:06:40,00:01:16,,,,,FP,,1,None,False,False,False,Dusk
SZTR/video/SZTRN101c.mov,00:13:30,00:15:33,00:02:03,,,,,FP,,1,None,False,False,False,Dusk
SZTR/video/SZTRN101c.mov,00:25:34,00:26:54,00:01:20,,,,,FP,,1,None,False,False,False,Dusk
SZTR/video/SZTRN101d.mov,00:25:31,00:26:50,00:01:19,,,,,FP,,1,None,True,False,False,Dawn
SZTR/video/SZTRN101d.mov,00:08:19,00:10:36,00:02:17,,,,,FP,,1,None,True,False,False,Dawn
SZTR/video/SZTRN101d.mov,00:21:56,00:23:31,00:01:35,,,,,FP,,1,None,True,False,False,Dawn
SZTR/video/SZTRN101d.mov,00:04:37,00:06:33,00:01:56,,,,,FP,,1,None,True,False,False,Dawn
SZTR/video/SZTRN102a.mov,00:36:20,00:38:36,00:02:16,,,,,FP,,1,Some,False,False,False,Day
SZTR/video/SZTRN102a.mov,00:15:39,00:17:29,00:01:50,,,,,FP,,1,Some,False,False,False,Day
SZTR/video/SZTRN102a.mov,00:22:21,00:23:49,00:01:28,,,,,FP,,1,Some,False,False,False,Day
SZTR/video/SZTRN102a.mov,00:40:29,00:41:57,00:01:28,,,,,FP,,1,Some,False,False,False,Day
SZTR/video/SZTRN102a.mov,00:00:41,00:02:00,00:01:19,,,,,FP,,1,Some,False,False,False,Day
SZTR/video/SZTRN102a.mov,00:27:19,00:28:23,00:01:04,,,,,FP,,1,Some,False,False,False,Day
SZTR/video/SZTRN102a.mov,00:18:41,00:20:31,00:01:50,,,,,FP,,1,Some,False,False,False,Day
SZTR/video/SZTRN102a.mov,00:29:46,00:30:26,00:00:40,,,,,FP,,1,Some,False,False,False,Day
SZTR/video/SZTRN102b.mov,00:27:31,00:28:03,00:00:32,,,,,FP,,1,Overcast,False,False,False,Day
SZTR/video/SZTRN102b.mov,00:15:33,00:16:47,00:01:14,,,,,FP,,1,Overcast,False,False,False,Day
SZTR/video/SZTRN102b.mov,00:09:35,00:10:02,00:00:27,,,,,FP,,1,Overcast,False,False,False,Day
SZTR/video/SZTRN102b.mov,00:04:09,00:05:00,00:00:51,,,,,FP,,1,Overcast,False,False,False,Day
SZTR/video/SZTRN102c.mov,00:21:28,00:22:45,00:01:17,,,,,FP,,1,Overcast,False,False,True,Day
SZTR/video/SZTRN102c.mov,00:00:02,00:00:49,00:00:47,,,,,FP,,1,Overcast,False,False,True,Day
SZTR/video/SZTRN102c.mov,00:23:33,00:25:58,00:02:25,,,,,FP,,1,Overcast,False,False,True,Day
SZTR/video/SZTRN102c.mov,00:02:16,00:03:41,00:01:25,,,,,FP,,1,Overcast,False,False,True,Day
SZTR/video/SZTRN102d.mov,00:01:45,00:03:32,00:01:47,,,,,FP,,1,Overcast,False,False,False,Dusk
SZTR/video/SZTRN102d.mov,00:04:44,00:05:24,00:00:40,,,,,FP,,1,Overcast,False,False,False,Dusk
SZTR/video/SZTRN102d.mov,00:07:12,00:07:59,00:00:47,,,,,FP,,1,Overcast,False,False,False,Dusk
SZTR/video/SZTRN102d.mov,00:06:47,00:08:27,00:01:40,,,,,FP,,1,Overcast,False,False,False,Dusk
SZTR/video/SZTRN103a.mov,00:07:06,00:09:12,00:02:06,,,,,FP,,1,,False,False,False,Night
SZTR/video/SZTRN103a.mov,00:17:58,00:18:56,00:00:58,,,,,FP,,1,,False,False,False,Night
SZTR/video/SZTRN103a.mov,00:03:54,00:05:26,00:01:32,,,,,FP,,1,,False,False,False,Night
SZTR/video/SZTRN103b.mov,00:20:12,00:21:38,00:01:26,,,,,FP,,1,Overcast,False,False,True,Day
SZTR/video/SZTRN103b.mov,00:04:32,00:06:24,00:01:52,,,,,FP,,1,Overcast,False,False,True,Day
SZTR/video/SZTRN103b.mov,00:10:42,00:12:46,00:02:04,,,,,FP,,1,Overcast,False,False,True,Day
SZTR/video/SZTRN103b.mov,00:24:44,00:25:34,00:00:50,,,,,FP,,1,Overcast,False,False,True,Day
SZTR/video/SZTRN103b.mov,00:07:21,00:09:24,00:02:03,,,,,FP,,1,Overcast,False,False,True,Day
SZTR/video/SZTRN103b.mov,00:26:18,00:27:31,00:01:13,,,,,FP,,1,Overcast,False,False,True,Day
SZTR/video/SZTRN103b.mov,00:16:36,00:18:48,00:02:12,,,,,FP,,1,Overcast,False,False,True,Day
SZTR/video/SZTRN201a.mov,00:02:58,00:03:28,00:00:30,,,,,FP,,2,Overcast,False,False,False,Dawn
SZTR/video/SZTRN201a.mov,00:06:45,00:07:53,00:01:08,,,,,FP,,2,Overcast,False,False,False,Dawn
SZTR/video/SZTRN201a.mov,00:08:58,00:11:10,00:02:12,,,,,FP,,2,Overcast,False,False,False,Dawn
SZTR/video/SZTRN201a.mov,00:13:33,00:14:01,00:00:28,,,,,FP,,2,Overcast,False,False,False,Dawn
SZTR/video/SZTRN201b.mov,00:18:52,00:21:06,00:02:14,,,,,FP,,2,None,False,False,False,Day
SZTR/video/SZTRN201b.mov,00:20:01,00:21:06,00:01:05,,,,,FP,,2,None,False,False,False,Day
SZTR/video/SZTRN201b.mov,00:26:04,00:27:46,00:01:42,,,,,FP,,2,None,False,False,False,Day
SZTR/video/SZTRN201b.mov,00:16:51,00:17:31,00:00:40,,,,,FP,,2,None,False,False,False,Day
SZTR/video/SZTRN201c.mov,00:18:33,00:19:29,00:00:56,,,,,FP,,2,None,False,False,False,Dusk
SZTR/video/SZTRN201c.mov,00:07:37,00:08:20,00:00:43,,,,,FP,,2,None,False,False,False,Dusk
SZTR/video/SZTRN201c.mov,00:16:54,00:17:20,00:00:26,,,,,FP,,2,None,False,False,False,Dusk
SZTR/video/SZTRN201c.mov,00:10:06,00:10:35,00:00:29,,,,,FP,,2,None,False,False,False,Dusk
SZTR/video/SZTRN201c.mov,00:14:36,00:15:53,00:01:17,,,,,FP,,2,None,False,False,False,Dusk
SZTR/video/SZTRN201c.mov,00:28:08,00:28:29,00:00:21,,,,,FP,,2,None,False,False,False,Dusk
SZTR/video/SZTRN201c.mov,00:21:37,00:22:11,00:00:34,,,,,FP,,2,None,False,False,False,Dusk
SZTR/video/SZTRN201d.mov,00:07:33,00:07:53,00:00:20,,,,,FP,,2,None,True,False,False,Dawn
SZTR/video/SZTRN201d.mov,00:14:30,00:15:03,00:00:33,,,,,FP,,2,None,True,False,False,Dawn
SZTR/video/SZTRN201d.mov,00:16:00,00:16:27,00:00:27,,,,,FP,,2,None,True,False,False,Dawn
SZTR/video/SZTRN201d.mov,00:03:05,00:04:54,00:01:49,,,,,FP,,2,None,True,False,False,Dawn
SZTR/video/SZTRN201e.mov,00:00:59,00:01:47,00:00:48,,,,,FP,,2,,False,False,False,Night
SZTR/video/SZTRN201e.mov,00:12:47,00:13:54,00:01:07,,,,,FP,,2,,False,False,False,Night
SZTR/video/SZTRN201e.mov,00:04:57,00:05:49,00:00:52,,,,,FP,,2,,False,False,False,Night
SZTR/video/SZTRN201e.mov,00:07:46,00:08:26,00:00:40,,,,,FP,,2,,False,False,False,Night
SZTR/video/SZTRN202a.mov,00:01:02,00:01:37,00:00:35,,,,,FP,,2,Some,False,False,False,Day
SZTR/video/SZTRN202a.mov,00:11:12,00:11:34,00:00:22,,,,,FP,,2,Some,False,False,False,Day
SZTR/video/SZTRN202a.mov,00:11:46,00:12:06,00:00:20,,,,,FP,,2,Some,False,False,False,Day
SZTR/video/SZTRN202a.mov,00:27:11,00:27:54,00:00:43,,,,,FP,,2,Some,False,False,False,Day
SZTR/video/SZTRN202a.mov,00:11:06,00:12:25,00:01:19,,,,,FP,,2,Some,False,False,False,Day
SZTR/video/SZTRN202b.mov,00:14:30,00:15:21,00:00:51,,,,,FP,,2,Overcast,False,True,False,Day
SZTR/video/SZTRN202b.mov,00:23:34,00:25:07,00:01:33,,,,,FP,,2,Overcast,False,True,False,Day
SZTR/video/SZTRN202b.mov,00:09:27,00:09:53,00:00:26,,,,,FP,,2,Overcast,False,True,False,Day
SZTR/video/SZTRN202b.mov,00:26:53,00:28:18,00:01:25,,,,,FP,,2,Overcast,False,True,False,Day
SZTR/video/SZTRN202b.mov,00:02:05,00:02:36,00:00:31,,,,,FP,,2,Overcast,False,True,False,Day
SZTR/video/SZTRN202c.mov,00:15:00,00:16:26,00:01:26,,,,,FP,,2,Overcast,False,True,False,Day
SZTR/video/SZTRN202c.mov,00:05:34,00:07:42,00:02:08,,,,,FP,,2,Overcast,False,True,False,Day
SZTR/video/SZTRN202c.mov,00:19:54,00:20:47,00:00:53,,,,,FP,,2,Overcast,False,True,False,Day
SZTR/video/SZTRN202d.mov,00:08:18,00:09:29,00:01:11,,,,,FP,,2,,False,False,False,Night
SZTR/video/SZTRN202d.mov,00:13:47,00:15:56,00:02:09,,,,,FP,,2,,False,False,False,Night
SZTR/video/SZTRN202d.mov,00:09:43,00:10:02,00:00:19,,,,,FP,,2,,False,False,False,Night
SZTR/video/SZTRN202d.mov,00:10:11,00:11:00,00:00:49,,,,,FP,,2,,False,False,False,Night
SZTR/video/SZTRN202d.mov,00:03:29,00:05:46,00:02:17,,,,,FP,,2,,False,False,False,Night
SZTR/video/SZTRN203a.mov,00:10:40,00:11:53,00:01:13,,,,,FP,,2,,False,False,False,Night
SZTR/video/SZTRN203a.mov,00:35:15,00:36:19,00:01:04,,,,,FP,,2,,False,False,False,Night
SZTR/video/SZTRN203a.mov,00:33:05,00:34:52,00:01:47,,,,,FP,,2,,False,False,False,Night
SZTR/video/SZTRN203a.mov,00:29:04,00:31:28,00:02:24,,,,,FP,,2,,False,False,False,Night
SZTR/video/SZTRN203a.mov,00:22:00,00:23:06,00:01:06,,,,,FP,,2,,False,False,False,Night
SZTR/video/SZTRN203a.mov,00:15:42,00:17:51,00:02:09,,,,,FP,,2,,False,False,False,Night
